"bin","ID","time_start_sec","time_end_sec","Distance_m","Mean_speed_m_s","Max_speed_m_s","Time_immobile_s","Immobile_episodes","Absolute_turn_angle_deg","Meander_deg_per_m","Bottom_entries","Bottom_time_s","Middle_entries","Middle_time_s","Top_entries","Top_time_s","Mean_dist_from_bottom_m","Acceleration_episodes_500ms","Acceleration_time_s","Tortuosity_episodes_1s","Tortuosity_time_s","Zone_count","IM_time_s","IM_episodes","NB_time_s","NB_episodes","HS_time_s","HS_episodes","TR_time_s","TR_episodes"
1,1,0,30,0,3.40556145833289e-05,0.00897723358000501,29.9,1,0,0,0,30,0,0,0,0,0.00197676147231482,0,0,0,0,3,0.566666666666667,1,28.0666666666667,4,1.36666666666667,2,0,0
2,1,30,60,0,0,0.00944244509987817,30,0,0,NA,0,30,0,0,0,0,0.00221868683167269,0,0,0,0,3,3.96666666666667,4,21.5,10,4.53333333333333,5,0,0
3,1,60,90,1.4636878967929,0.0487895965597633,0.0967916960274323,0,0,2511.48972706695,1715.86424439931,0,27,0,0,0,0,0.00289628263035315,0,0,4,2.9,3,0,0,25.1,8,4.9,7,0,0
4,1,90,120,1.68626033196208,0.0562086777320693,0.0825847761644547,0,0,2084.71059050027,1236.29225629389,3,27.1333333333333,4,2.86666666666667,0,0,0.0136858570544403,2,1.23333333333333,1,0.666666666666667,3,0,0,25.7666666666667,7,2.9,4,1.33333333333333,2
5,1,120,150,1.59485581195292,0.0531618603984306,0.0863488247738868,0,0,1787.92243811651,1121.05585013806,3,26.9666666666667,3,3.03333333333333,0,0,0.0152959855148328,3,2,1,0.5,3,0,0,28.1333333333333,3,1.1,1,0.766666666666667,1
6,1,150,180,1.70587463992724,0.0568624879975748,0.099766166109238,0,0,2128.92008577487,1247.99327919294,5,19.8666666666667,7,7.63333333333333,3,2.5,0.0274691429896661,6,4.6,0,0,3,0,0,24.2,10,3.5,5,2.3,5
7,1,180,210,1.66480149890591,0.0554933832968636,0.0979460054917996,0,0,1796.88025339826,1079.33603770729,4,21,7,7.3,3,1.7,0.0243242091862958,1,0.7,1,0.533333333333333,3,0,0,26.4333333333333,7,2.26666666666667,3,1.3,3
8,1,210,240,1.91699540574613,0.0638998468582042,0.100585572865098,0,0,2447.13663484998,1276.5479914635,6,17.1,11,9.03333333333333,5,3.86666666666667,0.0329727515958883,9,7.93333333333333,1,0.933333333333333,3,0,0,21.5333333333333,10,3.3,3,5.16666666666667,6
9,1,240,270,2.04906113799304,0.0683020379331014,0.104273561527177,0,0,2662.77729372683,1299.51090494786,7,19.8,10,8.16666666666667,2,2.03333333333333,0.0287226595029138,14,10.3666666666667,2,1.06666666666667,3,0,0,15.9666666666667,12,3.3,5,10.7333333333333,12
10,1,270,300,2.45982902966595,0.0819943009888649,0.130293571521055,0,0,5027.53755164828,2043.85650019385,8,5.83333333333333,17,12.5666666666667,10,11.6,0.056852458994777,10,9.26666666666667,2,1.56666666666667,3,0,0,10.7333333333333,8,13.9,11,5.36666666666667,8
1,2,0,30,0.158275525935724,0.00527585086452413,0.0571439776259546,25.5,1,619.04827770921,3911.20657504943,0,28.7,0,0,0,0,0.00263137454894153,0,0,0,0,3,25.8333333333333,1,4.16666666666667,1,0,0,0,0
2,2,30,60,0.86917643299564,0.0289725477665213,0.0811962409725236,7.16666666666667,0,1621.72392622075,1865.81672564617,0,29.2666666666667,0,0,0,0,0.00450466145093977,0,0,0,0,3,7.33333333333333,1,21.5,3,1.16666666666667,2,0,0
3,2,60,90,1.63629117439574,0.0545430391465248,0.0963167466256563,0,0,3735.60851079729,2282.9729630344,5,14.0333333333333,8,11.3333333333333,2,4.3,0.040385558619296,0,0,1,0.666666666666667,3,0,0,21.4666666666667,12,7.03333333333333,10,1.5,2
4,2,90,120,2.02450000677126,0.0674833335590421,0.1119471982077,0,0,3547.11078413442,1752.09225599928,7,11.6,12,10.0666666666667,5,8.33333333333333,0.0470631076534211,8,6.1,2,1.5,3,0,0,17.6333333333333,10,8.2,9,4.16666666666667,5
5,2,120,150,2.06217971707155,0.0687393239023851,0.107470443581732,0,0,2845.02859899858,1379.62204527873,4,12.5333333333333,7,5.23333333333333,4,12.1333333333333,0.05070510860714,9,7.03333333333333,1,0.533333333333333,3,0,0,22.9,9,6.76666666666667,5,0.333333333333333,0
6,2,150,180,2.11104887732996,0.0703682959109988,0.104107275400039,0,0,3495.91496460057,1656.00853781376,4,8.26666666666667,11,5.76666666666667,7,15.7666666666667,0.059853730004995,10,6.26666666666667,0,0,3,0,0,15.9333333333333,9,12.2,9,1.86666666666667,3
7,2,180,210,2.3059270426443,0.0768642347548101,0.122464442643918,0,0,5513.95583214673,2391.21001236173,8,9.53333333333333,18,7.56666666666667,10,12.5,0.0521499032768689,9,5.9,4,3.46666666666667,3,0,0,6.56666666666667,6,23.4333333333333,9,0,0
8,2,210,240,2.43330417179265,0.081110139059755,0.124545369351198,0,0,5075.38386849819,2085.7991891573,9,12.6333333333333,17,8.26666666666667,8,8.93333333333333,0.0451571056343659,16,11.7,2,1.1,3,0,0,9.2,5,19.3666666666667,8,1.43333333333333,3
9,2,240,270,2.32362827859834,0.0774542759532779,0.118796728820154,0,0,5707.6584773773,2456.35609187038,4,8.9,13,7.06666666666667,9,13.8333333333333,0.0551194963375847,15,10.2666666666667,8,6.26666666666667,3,0,0,8.43333333333333,7,20.8,9,0.766666666666667,1
10,2,270,300,2.3065377359817,0.0768845911993901,0.134090251665357,0,0,5666.05863038233,2456.52110606842,8,9.16666666666667,19,8.63333333333333,11,12.2,0.0534482231744369,13,8.93333333333333,2,1.1,3,0,0,3.86666666666667,4,25.3,6,0.833333333333333,2
1,3,0,30,2.44569256051225,0.0815230853504085,0.149608862769125,0,0,3145.08170694926,1285.96772862183,2,26.4333333333333,2,3.56666666666667,0,0,0.0207693673746847,11,6.43333333333333,3,1.53333333333333,3,0,0,21.0333333333333,14,8.96666666666667,12,0,0
2,3,30,60,2.27371242388412,0.0757904141294705,0.111310507797498,0,0,2716.28468404804,1194.64742133391,3,26.2666666666667,3,3.73333333333333,0,0,0.0215071568121149,3,2.4,0,0,3,0,0,28,6,1.4,1,0.6,1
3,3,60,90,2.27740940421657,0.0759136468072191,0.111844756030975,0,0,1921.90097154661,843.897881508809,0,30,0,0,0,0,0.00945559045394859,12,12.2,0,0,3,0,0,26.8333333333333,8,2.6,4,0.566666666666667,0
4,3,90,120,2.36300818859159,0.0787669396197197,0.118290532321713,0,0,2464.86003467453,1043.10262087735,2,28.5333333333333,3,1,1,0.466666666666667,0.0132334223184609,14,14.1,0,0,3,0,0,24.9333333333333,7,4.43333333333333,5,0.633333333333333,1
5,3,120,150,2.39761050536884,0.0799203501789615,0.123528308912083,0,0,3138.80081846721,1309.13708103908,4,22.7333333333333,6,5.66666666666667,2,1.56666666666667,0.0226097740064986,4,2.76666666666667,2,1,3,0,0,24.5,10,3.76666666666667,6,1.73333333333333,2
6,3,150,180,2.15789392694457,0.0719297975648191,0.109702310025136,0,0,2574.53806526106,1193.07906339327,2,24.2666666666667,3,4.43333333333333,1,0.966666666666667,0.0158897419581975,7,4.1,3,1.66666666666667,3,0,0,21.6666666666667,10,2.96666666666667,3,5.36666666666667,6
7,3,180,210,2.21974307471919,0.073991435823973,0.128185033934961,0,0,4453.84926555951,2006.47062098525,5,23.6333333333333,6,5.2,1,0.866666666666667,0.0167325620756094,14,11.4333333333333,4,2.16666666666667,3,0,0,9.93333333333333,13,13.6666666666667,11,6.4,8
8,3,210,240,2.27538805238252,0.0758462684127507,0.11060959045095,0,0,4056.10461124404,1782.59906348588,4,20.3666666666667,8,5.53333333333333,4,3.4,0.0251519778133893,15,11.4,2,1.26666666666667,3,0,0,9.23333333333333,9,10.7666666666667,10,10,10
9,3,240,270,2.79301852460665,0.0931006174868884,0.136184075646955,0,0,5167.43292569861,1850.12483095734,5,10.0666666666667,15,9.86666666666667,10,9.76666666666667,0.0472967187469406,16,13.0666666666667,2,1.1,3,0,0,13.9,16,13.7333333333333,12,2.36666666666667,2
10,3,270,300,2.27748409898321,0.0759161366327736,0.128925564947358,0,0,5172.42630953469,2271.11412626062,3,22.1,6,2.96666666666667,3,3.6,0.019248231319214,9,6.46666666666667,2,1.06666666666667,3,0,0,7.13333333333333,10,15.4,13,7.46666666666667,8
1,4,0,30,2.92669404351411,0.097556468117137,0.164170037085899,0,0,5250.22457874609,1793.90961292356,5,10.8333333333333,11,8.9,6,10.2666666666667,0.0498696564692065,16,13.5,5,5.03333333333333,3,0,0,11.1333333333333,9,18.8666666666667,8,0,0
2,4,30,60,2.40772254666739,0.0802574182222464,0.112206949268158,0,0,2821.92912337052,1172.03251980858,4,14.9333333333333,7,11.8333333333333,3,3.23333333333333,0.0388012013758354,9,5.2,0,0,3,0,0,25.2666666666667,9,4.53333333333333,6,0.2,0
3,4,60,90,2.24205043604564,0.0747350145348546,0.108938170572399,0,0,2975.89139130977,1327.30796036793,5,11.9666666666667,11,10.3666666666667,5,7.66666666666667,0.0452808500634419,15,11.0666666666667,0,0,3,0,0,23.4,8,4.33333333333333,6,2.26666666666667,3
4,4,90,120,2.06368622701069,0.0687895409003562,0.127582691984179,0,0,3953.10726881805,1915.55635594092,2,23.6,3,2.53333333333333,2,3.66666666666667,0.0190430187602031,12,9.96666666666667,6,3.9,3,0,0,12.4666666666667,12,10.0333333333333,9,7.5,11
5,4,120,150,2.85986708786453,0.0953289029288175,0.163007801949598,0,0,6956.5645346368,2432.47826591525,6,6.73333333333333,17,5.26666666666667,11,17.9,0.0612539764091982,20,16.2333333333333,7,4.76666666666667,3,0,0,4.76666666666667,5,25.2333333333333,5,0,0
6,4,150,180,3.0230773828047,0.10076924609349,0.167263139647587,0,0,5308.34793793003,1755.94179895095,5,5.43333333333333,15,8.46666666666667,10,16.1,0.0626272946110903,21,18.2666666666667,2,1.06666666666667,3,0,0,8.83333333333333,11,21.1666666666667,14,0,0
7,4,180,210,3.24703069805746,0.108234356601915,0.137274573518549,0,0,5544.75065522585,1707.63727566327,6,9.2,12,12.1,5,8.7,0.0506378051065622,22,22.6,2,1.13333333333333,3,0,0,9.86666666666667,11,19.6333333333333,10,0.5,1
8,4,210,240,2.80418102170677,0.0934727007235592,0.13805769165517,0,0,4374.95287711491,1560.15351478703,7,19.4333333333333,8,4.66666666666667,2,5.53333333333333,0.0319673697501097,22,17.9333333333333,2,1.03333333333333,3,0,0,16.4333333333333,13,12.0333333333333,10,1.53333333333333,2
9,4,240,270,1.85392682465852,0.0617975608219505,0.111079376006746,0,0,3866.68787271579,2085.6744836345,0,26.7333333333333,1,0.533333333333333,1,0.466666666666667,0.00410606513970677,4,2.66666666666667,5,3.8,3,0,0,3.26666666666667,4,16.1333333333333,14,10.6,11
10,4,270,300,2.81956555956926,0.0939855186523087,0.147732033911852,0,0,6751.1892553412,2394.40761802062,5,7.26666666666667,14,4.6,9,18.0333333333333,0.0625019876014499,15,14.8666666666667,4,2.7,3,0,0,4.83333333333333,3,24.6,6,0.566666666666667,1
1,5,0,30,0.882896112310583,0.0296282154595623,0.102764623607306,11.5666666666667,2,1768.8525737078,1990.05412720182,0,26.0333333333333,2,1.96666666666667,2,2,0.013759284259283,0,0,0,0,3,0.966666666666667,2,23.1666666666667,9,5.86666666666667,7,0,0
2,5,30,60,1.86835464904384,0.0622784883014613,0.115717710790546,0,0,2298.86181788921,1230.42047668289,3,3.5,7,18.9666666666667,3,7.53333333333333,0.0536953561526293,7,4.86666666666667,1,0.5,3,0,0,25.7,8,3.16666666666667,4,1.13333333333333,2
3,5,60,90,1.53123224924166,0.0510410749747219,0.0932427377724015,0,0,1710.78717011091,1117.26171582278,5,10.6,6,13.4333333333333,2,5.9,0.043056972388042,2,1.16666666666667,0,0,3,0,0,26.2333333333333,10,0.4,1,3.36666666666667,5
4,5,90,120,1.43725734649799,0.0479085782165998,0.0749541247037368,0,0,1263.69738230902,879.242249405179,3,24.6,3,5.4,0,0,0.0190339893610675,0,0,0,0,3,0,0,24.0333333333333,7,1.16666666666667,2,4.8,5
5,5,120,150,1.58459148752747,0.0528197162509158,0.0797191036203236,0,0,1931.68944351345,1219.04570276821,3,15.3333333333333,5,9.13333333333333,2,5.53333333333333,0.035086581773495,0,0,0,0,3,0,0,26.9,6,0.933333333333333,1,2.16666666666667,4
6,5,150,180,1.69384756451203,0.0564615854837343,0.0948219992179529,0,0,2145.90129197057,1266.87981665503,3,16.9333333333333,6,6.43333333333333,3,6.53333333333333,0.0341047997768979,3,2.76666666666667,2,1.03333333333333,3,0,0,23.9333333333333,11,1.6,2,4.46666666666667,5
7,5,180,210,1.59955109340554,0.0533183697801846,0.0878223271552661,0,0,2551.45547065593,1595.1072029989,2,18.3333333333333,5,8.33333333333333,2,2.66666666666667,0.0254474756035291,2,1.8,2,1.06666666666667,3,0,0,19.5333333333333,10,1.7,2,8.76666666666667,8
8,5,210,240,1.39721048542067,0.0465736828473558,0.0790663921274229,0,0,2005.33524039139,1435.24204929483,3,20.8,4,5.1,1,2.63333333333333,0.0219120303742449,1,0.533333333333333,1,0.533333333333333,3,0,0,22.3666666666667,10,2.1,2,5.53333333333333,6
9,5,240,270,1.54612794974834,0.0515375983249447,0.0796453557093214,0,0,2320.97848251709,1501.1555045589,3,15.6,5,7.96666666666667,3,6.16666666666667,0.0367217592754061,0,0,0,0,3,0,0,22.0666666666667,9,5.06666666666667,7,2.86666666666667,3
10,5,270,300,1.43518854352367,0.0478396181174556,0.0786801669222689,0,0,1960.29744767603,1365.88147705187,5,22.4,5,7.16666666666667,0,0,0.0196018582558692,2,1.2,1,0.533333333333333,3,0,0,23.0333333333333,11,1.56666666666667,3,5.4,8
1,6,0,30,1.34512628736207,0.0448375429120688,0.0920863544233099,0,0,853.335371616282,634.390524989117,0,2.46666666666667,3,3.03333333333333,3,24.5,0.0780646488933515,0,0,0,0,3,0,0,28.2333333333333,5,1.4,3,0.366666666666667,1
2,6,30,60,0.520706712113544,0.0173568904037848,0.048818975381988,0,0,39.0117455819708,74.9207657101681,0,0,0,0,0,27.6333333333333,0.0894582955147369,0,0,0,0,3,0,0,29.9,2,0,0,0.1,0
3,6,60,90,0.544485440219784,0.0181495146739928,0.0465070082929196,0,0,148.124949859259,272.045749835786,1,3.56666666666667,2,11.4666666666667,1,14.3666666666667,0.0700458423805077,0,0,0,0,3,0.733333333333333,1,27.8666666666667,5,0.366666666666667,1,1.03333333333333,2
4,6,90,120,0.87289131825538,0.0290963772751793,0.0557030326862482,0,0,416.348277438666,476.976077927786,0,29,1,0.933333333333333,0,0,0.0101243883877071,0,0,1,0.5,3,0,0,29,4,1,2,0,0
5,6,120,150,0.78957990426871,0.0263193301422903,0.0581605224469779,0,0,535.038632333118,677.624429700573,2,23.3333333333333,1,5.66666666666667,0,0,0.0166789658342328,0,0,0,0,3,0,0,27.3666666666667,4,1.16666666666667,2,1.46666666666667,2
6,6,150,180,0.601834686241335,0.0200611562080445,0.050340789592171,0,0,314.267071835835,522.181720363345,1,28.4666666666667,1,0.7,0,0,0.00694887075527768,0,0,0,0,3,0,0,29.2,3,0.8,2,0,0
7,6,180,210,0.665069936552742,0.0221689978850914,0.0459912989738637,0,0,25.617178204929,38.5180216350036,0,29.4666666666667,0,0,0,0,0.00714267311293778,0,0,0,0,3,0,0,28.5333333333333,4,1.46666666666667,3,0,0
8,6,210,240,0.681516436820932,0.0227172145606977,0.0458896799954518,0,0,212.634845137879,312.002519161175,0,29.5,0,0,0,0,0.00801523634015866,0,0,0,0,3,0,0,28.2666666666667,4,1.23333333333333,2,0.5,1
9,6,240,270,0.715179367506905,0.0238393122502302,0.0475568355564512,0,0,256.42692454037,358.549108364615,1,29.3,1,0.7,0,0,0.0114741371969352,0,0,0,0,3,0,0,29,3,0.766666666666667,1,0.233333333333333,0
10,6,270,300,0.456266682906747,0.0152088894302249,0.0445210146029482,0,0,42.7856005369137,93.7732298671004,0,29.9333333333333,0,0,0,0,0.00674485641568725,0,0,0,0,3,0,0,29.4333333333333,2,0,0,0.566666666666667,1
1,7,0,30,2.85447067880256,0.0951490226267521,0.185010329502121,0,0,3929.32281421309,1376.55042085121,5,17.6,8,10.2666666666667,2,1.9,0.0291783058598645,18,16,1,0.533333333333333,3,0,0,18.7333333333333,10,11.2666666666667,8,0,0
2,7,30,60,2.53084461675832,0.0843614872252773,0.143202283531705,0,0,3990.03667496898,1576.56327399495,5,4.83333333333333,10,19.2,5,5.96666666666667,0.0528118562392105,10,7.5,1,0.5,3,0,0,19.4,11,10.6,10,0,0
3,7,60,90,2.36978757054743,0.0789929190182475,0.121766750110781,0,0,3584.70501223711,1512.66934504557,4,10.4333333333333,10,13.6,7,5.96666666666667,0.0446752301293089,13,8.63333333333333,0,0,3,0,0,20.8,11,7.9,9,1.3,2
4,7,90,120,2.49487118665673,0.0831623728885576,0.125687504144553,0,0,4451.18544913672,1784.13437653331,8,13.1666666666667,15,9.93333333333333,6,6.9,0.0435210621154836,15,15.5333333333333,1,1.1,3,0,0,17,11,12.1,10,0.9,2
5,7,120,150,2.28560282831271,0.076186760943757,0.139570405463808,0,0,4098.10319510778,1793.0075795947,3,7.7,12,10.7333333333333,9,11.5666666666667,0.0520083257707358,8,7.46666666666667,3,2.33333333333333,3,0,0,16.5333333333333,9,13.4666666666667,8,0,0
6,7,150,180,1.87349778042891,0.0624499260142971,0.105170719610697,0,0,3864.32140385089,2062.62395622706,3,7.33333333333333,10,11.4333333333333,8,11.0333333333333,0.0547962250036305,1,0.5,3,2.23333333333333,3,0,0,19.7666666666667,7,9.96666666666667,6,0.266666666666667,0
7,7,180,210,1.74932896046101,0.0583109653487005,0.106064857414004,0,0,3988.29024263613,2279.8972250394,2,7.2,8,6.33333333333333,5,16.4666666666667,0.060126304208346,4,2.66666666666667,4,3.06666666666667,3,0,0,18.4333333333333,11,9.8,7,1.76666666666667,3
8,7,210,240,1.66498165611386,0.0554993885371286,0.0946616714899151,0,0,3017.79877818327,1812.51172774296,5,16.7,8,6.7,4,5.8,0.0332665679094128,2,1.3,1,0.666666666666667,3,0,0,17.3666666666667,9,9.53333333333333,7,3.1,3
9,7,240,270,1.65359188391012,0.0551197294636707,0.104328501227939,0,0,2925.14362865695,1768.96346499965,1,13.8,3,1.76666666666667,2,12.6666666666667,0.0413438956223873,4,2.43333333333333,4,3.23333333333333,3,0,0,19.7333333333333,7,8.9,7,1.36666666666667,2
10,7,270,300,2.34745042080992,0.0782483473603308,0.127682508657892,0,0,3481.59011471139,1483.13680401828,2,3.46666666666667,11,13.3666666666667,9,13.1666666666667,0.0584605440152199,8,5.23333333333333,1,0.866666666666667,3,0,0,20.6,11,9.06666666666667,10,0.333333333333333,1
1,8,0,30,0.157458659571885,0.0052486219857295,0.0536806986491225,0,0,155.418963135825,987.046146324338,0,0,0,0,0,30,0.096375337910919,0,0,0,0,3,4.16666666666667,4,24.8333333333333,6,1,2,0,0
2,8,30,60,0.0705755919304065,0.00235251973101355,0.0783789330416858,6.2,2,236.185645702658,3346.56273142642,0,0,0,0,0,30,0.0937299461831305,0,0,0,0,3,15.3333333333333,4,14,7,0.266666666666667,0,0.4,1
3,8,60,90,0.0131840213675881,0.000439467378919604,0.02864334603818,3.7,1,21.8788385957201,1659.49659710864,0,0,0,0,0,30,0.096856423309887,0,0,0,0,3,17.8333333333333,6,11.5666666666667,6,0.6,1,0,0
4,8,90,120,1.27637982887284,0.0425459942957614,0.075173507814079,0,0,1703.04356105806,1334.27646107663,2,18.9,3,8.26666666666667,1,2.83333333333333,0.0344018687214608,1,0.533333333333333,0,0,3,0,0,29,4,0.333333333333333,1,0.666666666666667,2
5,8,120,150,1.74836074820505,0.0582786916068351,0.0872977743488298,0,0,1821.92122393259,1042.07396888946,1,27.0666666666667,2,1.9,1,1,0.013873294576774,3,2.2,1,0.5,3,0,0,27.9333333333333,4,1.1,1,0.966666666666667,2
6,8,150,180,1.59650371460216,0.0532167904867386,0.100338003539001,0,0,1637.3177535508,1025.56463763619,1,27.7333333333333,1,2,0,0,0.00740397149974342,0,0,0,0,3,0,0,27.0666666666667,7,1.73333333333333,3,1.2,2
7,8,180,210,1.73621368051192,0.0578737893503974,0.100431944883351,0,0,1989.48581660557,1145.87613203172,3,18.5333333333333,6,4.9,3,6.1,0.0291135103266181,6,4.6,1,0.566666666666667,3,0,0,23.0666666666667,8,4.26666666666667,5,2.66666666666667,4
8,8,210,240,1.68099833954659,0.0560332779848863,0.103632620472993,0,0,2050.60770554093,1219.8749143881,1,24.7666666666667,3,3.73333333333333,1,1.13333333333333,0.0145055239345515,5,3.7,2,1.06666666666667,3,0,0,22.9,7,4.66666666666667,5,2.43333333333333,4
9,8,240,270,1.76712613724477,0.0589042045748258,0.091233579122737,0,0,1903.9667991546,1077.43683884569,2,26.1333333333333,2,2.43333333333333,1,1.03333333333333,0.0134005842321359,3,1.96666666666667,0,0,3,0,0,22.2666666666667,9,2.5,3,5.23333333333333,7
10,8,270,300,1.81969285508922,0.060656428502974,0.111601896142425,0,0,2147.38582638853,1180.08147385029,3,17.4666666666667,5,3.5,2,7.56666666666667,0.0307336157846092,3,1.86666666666667,1,0.8,3,0,0,19.6333333333333,4,4.93333333333333,5,5.43333333333333,5
1,9,0,30,1.69552076787838,0.0565173589292794,0.0906739062887923,0,0,1741.67509021397,1027.22132527656,3,6.3,8,8.23333333333333,5,15.1666666666667,0.0620429499740409,7,4.33333333333333,0,0,3,0,0,21.7,10,6,8,2.3,4
2,9,30,60,2.35284166411288,0.0784280554704294,0.119105052059741,0,0,3499.33115611377,1487.27864245517,5,5.1,12,14.9666666666667,8,9.93333333333333,0.0531223590845094,15,13.5,3,1.5,3,0,0,15.0666666666667,14,12.6666666666667,14,2.26666666666667,2
3,9,60,90,2.52268800506936,0.0840896001689788,0.142331759219432,0,0,4844.86130458242,1920.51545607171,8,9.1,20,9.3,12,11.6,0.0527490006994823,16,13,4,2.26666666666667,3,0,0,9.6,12,19.5,15,0.9,2
4,9,90,120,2.57282595304177,0.0857608651013924,0.143617445926964,0,0,4837.00241928737,1880.03483623474,8,4.2,20,13,11,12.8,0.0589552769639757,16,9.8,8,5.1,3,0,0,7.8,9,21.4,12,0.8,0
5,9,120,150,2.65985987616511,0.0886619958721704,0.152462374397981,0,0,5238.17100810847,1969.34096229936,11,9.1,21,12,10,8.7,0.050861541370975,22,18.6666666666667,8,5.66666666666667,3,0,0,6.33333333333333,8,23.1,9,0.566666666666667,1
6,9,150,180,2.61328637693217,0.0871095458977391,0.153784231874942,0,0,5274.47072074456,2018.32863298221,12,10.2,23,8.4,12,11.4,0.0511953882822596,22,22.1666666666667,3,3.1,3,0,0,4.76666666666667,8,20.7666666666667,12,4.46666666666667,6
7,9,180,210,2.48126161742626,0.0827087205808755,0.163623699235492,0,0,4305.40751760582,1735.16870908264,10,8.8,20,8.16666666666667,10,12.7666666666667,0.0551801705639424,16,16.0666666666667,1,0.6,3,0,0,8.2,10,20.2666666666667,14,1.53333333333333,1
8,9,210,240,2.54938392535908,0.084979464178636,0.158781937748886,0,0,4293.01796442108,1683.94329379652,9,9.26666666666667,18,6.93333333333333,8,13.4666666666667,0.0573039214700366,13,9.76666666666667,1,0.6,3,0,0,11.1,14,17.6666666666667,15,1.23333333333333,1
9,9,240,270,1.75548247100911,0.0585160823669705,0.126785312684733,0,0,3190.09584212246,1817.2188528255,4,21.7,6,3.86666666666667,3,3.8,0.0238783711738555,4,3.03333333333333,2,1,3,0,0,18.8,12,9.13333333333333,8,2.06666666666667,4
10,9,270,300,1.94989457540571,0.0649964858468571,0.119233258190522,0,0,3133.79027950368,1607.15882747232,1,20.3,5,2.16666666666667,4,5.16666666666667,0.0206938703140858,6,4.8,2,1.1,3,0,0,12,11,11.9,9,6.1,7
1,10,0,30,1.50370290442805,0.0501234301476017,0.0785978434420096,0,0,1878.24032995773,1249.07674543073,0,30,0,0,0,0,0.0099675992991512,1,0.5,1,0.5,3,0,0,28.2666666666667,5,1.4,2,0.333333333333333,1
2,10,30,60,1.57512479019888,0.0525041596732961,0.0807880806129281,0,0,2474.18349540038,1570.7856995178,5,19.2666666666667,5,10.7333333333333,0,0,0.02722321786369,2,1.13333333333333,1,0.5,3,0,0,25.3,5,3.13333333333333,4,1.56666666666667,2
3,10,60,90,1.47998705333642,0.0493329017778807,0.0715520806151597,0,0,2380.90481375966,1608.73354154839,5,26.6333333333333,5,3.36666666666667,0,0,0.0230325924499053,0,0.0333333333333333,1,0.5,3,0,0,28.4,3,1.6,2,0,0
4,10,90,120,1.34499133934878,0.0448330446449594,0.0688364526797741,0,0,2252.35579252198,1674.62475528841,3,28.9666666666667,3,1.03333333333333,0,0,0.01881221491585,0,0,0,0,3,0,0,28.4333333333333,2,1.56666666666667,2,0,0
5,10,120,150,1.15753109659826,0.0385843698866085,0.064618313321049,0,0,2239.60213267679,1934.80947445689,3,25.3,3,4.53333333333333,0,0,0.0160129325360622,0,0,1,0.5,3,0,0,26.5333333333333,6,3.46666666666667,4,0,0
6,10,150,180,0.968400762543535,0.0322800254181178,0.0618891210582295,0,0,974.420040276021,1006.21568875749,4,23.8666666666667,4,4.73333333333333,0,0,0.0159098471125425,0,0,0,0,3,0,0,29.6,3,0,0,0.4,1
7,10,180,210,1.26159553020443,0.0420531843401478,0.0785359823933722,0,0,1607.37993523645,1274.08499535187,5,19.7666666666667,8,9.63333333333333,3,0.6,0.0283791693020903,0,0,3,1.56666666666667,3,0,0,27.6333333333333,5,2.13333333333333,3,0.233333333333333,0
8,10,210,240,1.31017888416285,0.043672629472095,0.0873920770114206,0,0,2353.49229067786,1796.31370885789,3,18.1333333333333,5,6.56666666666667,2,5.1,0.0332019810715295,0,0,6,3.76666666666667,3,0,0,22.6333333333333,5,5.8,6,1.56666666666667,2
9,10,240,270,1.31289016581646,0.0437630055272152,0.0905894586548996,0,0,1975.85710791681,1504.96755887273,3,14.3,8,7.06666666666667,5,8.06666666666667,0.039718965309927,0,0,1,0.433333333333333,3,0,0,25.1333333333333,6,4.3,4,0.566666666666667,0
10,10,270,300,1.52090534608196,0.0506968448693985,0.0924728273612992,0,0,3262.57311614103,2145.15198105249,4,21.0666666666667,7,5.63333333333333,2,2.63333333333333,0.0263044653158419,2,1.03333333333333,4,3.86666666666667,3,0,0,16.7,12,12.1,12,1.2,1
1,11,0,30,0.868845204021318,0.0289615068007106,0.0597412375469313,0,0,1887.95099630876,2172.94287586634,0,28.9,0,0,0,0,0.00398333750661851,0,0,0,0,3,0,0,26.7333333333333,7,3.26666666666667,5,0,0
2,11,30,60,0.709595773270895,0.0236531924423632,0.0658257216979082,0,0,781.399233201724,1101.18924412395,0,29.9666666666667,0,0,0,0,0.00385995603174195,0,0,0,0,3,0,0,29.1,3,0.9,2,0,0
3,11,60,90,0.993356791613767,0.0331118930537922,0.0785130668918727,0,0,1362.16931994835,1371.27901218194,2,25.3,3,3.5,1,0.8,0.0182143254322635,0,0,1,0.533333333333333,3,0,0,28.6333333333333,4,0.933333333333333,2,0.433333333333333,1
4,11,90,120,1.38430248478927,0.0461434161596423,0.0779499596648186,0,0,1805.01000631241,1303.91300033474,1,21.3,3,6.13333333333333,2,2.4,0.0272479509947354,1,0.5,0,0,3,0,0,26.7666666666667,3,2.93333333333333,2,0.3,0
5,11,120,150,1.63329566044831,0.0544431886816104,0.096112434473993,0,0,3287.31849597495,2012.69039989529,3,20.1,7,4.73333333333333,4,5.1,0.0304854739295749,3,2.13333333333333,8,5.46666666666667,3,0,0,20.4,7,9.6,7,0,0
6,11,150,180,1.21936896517899,0.0406456321726331,0.0752656158830816,0,0,2418.15056005447,1983.1163733936,2,27.4,3,2.4,1,0.166666666666667,0.0115089103659213,0,0,1,0.5,3,0,0,23.4,6,6.1,4,0.5,1
7,11,180,210,0.925930773727733,0.0308643591242578,0.0794548309139896,0,0,2579.37133475597,2785.70645661943,1,29.7333333333333,1,0.133333333333333,0,0,0.00571477323552819,0,0,8,6.43333333333333,3,0,0,9.13333333333333,7,18.6333333333333,6,2.23333333333333,1
8,11,210,240,1.22527219998282,0.0408424066660941,0.0834224788481956,0,0,3890.59211260332,3175.28799939953,8,22.6,10,5.8,2,1.23333333333333,0.0204878755122976,1,0.5,8,5.7,3,0,0,2.2,3,25.7666666666667,7,2.03333333333333,3
9,11,240,270,1.42705036805542,0.0475683456018475,0.0965832056503506,0,0,5325.45749373128,3731.79364438835,8,23.9333333333333,9,3.93333333333333,1,1.6,0.0202055388486475,0,0,5,2.9,3,0,0,7.96666666666667,5,19.7333333333333,6,2.3,3
10,11,270,300,1.29569808141039,0.0431899360470129,0.095188639305209,0,0,4102.02585454231,3165.88093584054,4,22.1333333333333,6,3.93333333333333,2,3.26666666666667,0.0227530399288729,0,0,6,3.8,3,0,0,5.9,6,21.9666666666667,6,2.13333333333333,3
1,12,0,30,0,0,0.00766624333621421,19.4,2,0,NA,0,29.6333333333333,0,0,0,0,0.000794923696111617,0,0,0,0,3,30,1,0,0,0,0,0,0
2,12,30,60,0,0,0.0035192377313207,30,0,0,NA,0,29.8333333333333,0,0,0,0,0.000544467340531504,0,0,0,0,3,30,1,0,0,0,0,0,0
3,12,60,90,0.01109338002105,0.000369779334034999,0.0241410510432472,25.4,1,8.97642340087124,809.169377037318,0,30,0,0,0,0,0.00244237327887998,0,0,0,0,3,27.1666666666667,2,2.83333333333333,1,0,0,0,0
4,12,90,120,0,0,0.00179682244457961,30,0,0,NA,0,30,0,0,0,0,0.000708383499948602,0,0,0,0,3,30,1,0,0,0,0,0,0
5,12,120,150,0.101447232952215,0.00338157443174049,0.0688991341366146,25.6333333333333,0,302.196677503946,2978.8557924127,0,29.6666666666667,0,0,0,0,0.000519869316693834,0,0,0,0,3,26.3,1,2.6,2,0.766666666666667,1,0.333333333333333,1
6,12,150,180,0.719999618570464,0.0239999872856821,0.0821251903208205,0,0,2058.9556254147,2859.66210579763,0,28.6666666666667,0,0,0,0,0.00348638262628413,0,0,2,1.13333333333333,3,0.333333333333333,1,23.5,5,5.16666666666667,4,1,2
7,12,180,210,0.778861910087627,0.0259620636695876,0.0667658630602702,0,0,836.623613011716,1074.1616738166,0,29.8666666666667,0,0,0,0,0.00328850852845207,0,0,0,0,3,0,0,29.5333333333333,2,0.466666666666667,1,0,0
8,12,210,240,1.29357331816126,0.0431191106053754,0.077263215449137,0,0,1662.25837902623,1285.0128830649,0,29.5666666666667,0,0,0,0,0.00701514612183535,0,0,0,0,3,0,0,28.1333333333333,4,1.36666666666667,2,0.5,1
9,12,240,270,1.4709585472353,0.04903195157451,0.0926812658222252,0,0,1585.39754568785,1077.79892823468,0,29.9,0,0,0,0,0.00383878539733122,1,0.533333333333333,0,0,3,0,0,28.5333333333333,6,0.5,0,0.966666666666667,2
10,12,270,300,1.7211366660859,0.0573712222028634,0.115455663757315,0,0,2457.81825185849,1428.02038925119,3,19.4333333333333,6,5.73333333333333,3,4.7,0.0291241590032362,1,0.533333333333333,1,0.666666666666667,3,0,0,22.7666666666667,10,6.9,9,0.333333333333333,1
1,13,0,30,0.733034509322614,0.0244344836440871,0.0571112767383222,0,0,659.40816942091,899.559517368779,0,30,0,0,0,0,0.00681786304292225,0,0,2,1.06666666666667,3,0,0,28.8,3,0.8,1,0.4,1
2,13,30,60,0.958833202327861,0.031961106744262,0.0703243148049338,0,0,1101.11114240467,1148.38653869243,0,29.8333333333333,0,0,0,0,0.00596131575327071,0,0,1,0.5,3,0,0,28.7,4,0.4,1,0.9,2
3,13,60,90,1.50126647615785,0.0500422158719282,0.0984239500537344,0,0,1779.22941928274,1185.15230143304,2,21.9333333333333,4,3.26666666666667,2,4.6,0.0275056042202573,4,2.53333333333333,1,0.566666666666667,3,0,0,26.8666666666667,8,2.86666666666667,4,0.266666666666667,0
4,13,90,120,1.90960193120721,0.0636533977069071,0.122149879354723,0,0,2390.93346309578,1252.05856991581,2,21.7,4,2.76666666666667,2,5.23333333333333,0.0267390522341621,10,7.1,2,1.5,3,0,0,23.3,10,2.76666666666667,2,3.93333333333333,5
5,13,120,150,2.24170569639658,0.0747235232132193,0.11070994072138,0,0,3349.64708415963,1494.24034097964,4,19.1666666666667,7,4.43333333333333,3,5.46666666666667,0.0343182448091563,21,16.2333333333333,3,1.66666666666667,3,0,0,19.0666666666667,11,9.7,10,1.23333333333333,2
6,13,150,180,2.21485166993693,0.0738283889978976,0.125267095982666,0,0,3679.24149813254,1661.16835184602,6,17.1,11,6.23333333333333,5,6.13333333333333,0.0363631661337181,7,4.1,1,0.5,3,0,0,15.4,10,12.9666666666667,8,1.63333333333333,2
7,13,180,210,2.21215500338558,0.0737385001128525,0.126321686244968,0,0,4281.26557096762,1935.33706472439,5,20.0333333333333,11,4.73333333333333,6,4.4,0.0258331323197571,8,5.33333333333333,2,1.36666666666667,3,0,0,11.0333333333333,9,13.6666666666667,8,5.3,6
8,13,210,240,2.79857309229937,0.0932857697433125,0.141859067962888,0,0,4864.94463180048,1738.36611421263,5,16.7666666666667,9,4.63333333333333,4,8.13333333333333,0.0406838024323606,20,20.9666666666667,1,0.533333333333333,3,0,0,12.7333333333333,9,13.3,11,3.96666666666667,6
9,13,240,270,3.32744106815582,0.11091470227186,0.157501497522792,0,0,4966.9765488078,1492.7316358335,9,7.43333333333333,18,8,9,14.2,0.0608064247637424,17,26.0666666666667,2,1.03333333333333,3,0,0,10.9333333333333,13,18.7333333333333,13,0.333333333333333,1
10,13,270,300,2.1926737839324,0.07308912613108,0.161607190551109,0,0,3827.86618933859,1745.75270493433,4,22.3,6,2.73333333333333,2,3.36666666666667,0.0212251655141373,5,4.76666666666667,4,2.1,3,0,0,14.1666666666667,14,10.6666666666667,10,5.16666666666667,6
1,14,0,30,0.014867546468816,0.000495584882293868,0.0274456976409036,13.4333333333333,1,0,0,0,0,0,0,0,30,0.0928112371580144,0,0,0,0,3,17.5,4,10.6666666666667,7,0.4,1,1.43333333333333,1
2,14,30,60,0.889300532089601,0.0296433510696534,0.0695519504080463,3.73333333333333,0,1881.31362181614,2115.49814031438,2,17.9666666666667,2,2.43333333333333,0,8.23333333333333,0.0345863938945875,0,0,2,1.53333333333333,3,4.63333333333333,2,22.1666666666667,6,2.8,4,0.4,1
3,14,60,90,1.60977411197974,0.0536591370659914,0.0910857871475192,0,0,2463.62340742074,1530.41559625463,3,17.2333333333333,7,8.26666666666667,3,4.5,0.0323553702582771,1,0.5,2,1.23333333333333,3,0,0,22.6,8,5.96666666666667,7,1.43333333333333,3
4,14,90,120,2.01720604219575,0.0672402014065251,0.105862688569896,0,0,5062.23007641735,2509.52553706762,7,17.1,11,6.6,5,6.1,0.034090406229247,7,5.76666666666667,4,2.86666666666667,3,0,0,10.1666666666667,7,16.0666666666667,10,3.76666666666667,6
5,14,120,150,1.56953287259425,0.0523177624198083,0.0952313997461797,0,0,2166.41826131361,1380.2949266891,4,21.5,6,4.6,2,2.8,0.0225012962105479,2,1.33333333333333,1,0.966666666666667,3,0,0,24.3666666666667,4,4.23333333333333,2,1.4,2
6,14,150,180,1.81005578169808,0.0603351927232693,0.0980780064849548,0,0,3055.66110820033,1688.15853030436,5,18.8333333333333,7,9.86666666666667,2,1,0.0251734508900017,1,0.666666666666667,1,0.5,3,0,0,22.4333333333333,9,6.43333333333333,9,1.13333333333333,2
7,14,180,210,2.11955192297473,0.0706517307658243,0.10610893484849,0,0,2593.88039566441,1223.78714460742,4,21.9666666666667,6,7.46666666666667,1,0.566666666666667,0.0224345158239634,9,6.56666666666667,0,0,3,0,0,23.2666666666667,8,4.76666666666667,6,1.96666666666667,2
8,14,210,240,2.39314325085305,0.0797714416951018,0.115889527685342,0,0,3784.5908699402,1581.43097726856,11,19.6,14,8.3,4,2.1,0.0298229190048179,17,14.9,1,0.666666666666667,3,0,0,14.3666666666667,12,11.9333333333333,12,3.7,5
9,14,240,270,2.27861599112786,0.0759538663709288,0.111494103527915,0,0,3164.67061609491,1388.85649377386,8,23,8,7,0,0,0.0228731519946717,14,13.0666666666667,0,0,3,0,0,19.7,10,7.53333333333333,8,2.76666666666667,2
10,14,270,300,1.72505871966007,0.0575019573220025,0.10150378952834,0,0,2249.47690891457,1304.00019621235,4,27.7333333333333,4,2.23333333333333,0,0,0.0159392773465545,1,0.5,0,0,3,0,0,23.9333333333333,6,6.06666666666667,5,0,0
1,15,0,30,0.573723288872175,0.0191241096290725,0.0548919707485197,0,0,276.739131554259,482.356454621657,1,4.7,3,6.36666666666667,2,17.8666666666667,0.063741576192373,0,0,0,0,3,0,0,28.0666666666667,2,0.4,1,1.53333333333333,2
2,15,30,60,0.317903124671722,0.0105967708223907,0.0517249272769563,0,0,475.689957653614,1496.33621294169,0,0,0,2.46666666666667,1,27.5333333333333,0.0868253740269558,0,0,1,0.5,3,0,0,29.0666666666667,2,0.933333333333333,1,0,0
3,15,60,90,0.259671757292646,0.00865572524308818,0.0354400335468823,0,0,43.3210050835948,166.829868350961,0,0,0,0,0,30,0.0900634503920833,0,0,0,0,3,0,0,29.3666666666667,3,0,0,0.633333333333333,1
4,15,90,120,0.36474127345275,0.012158042448425,0.0518544875133328,0,0,623.055951968347,1708.21345791309,2,5.4,3,7.5,1,15.1666666666667,0.0596006300584734,0,0,0,0,3,0,0,28.7666666666667,4,0.7,1,0.533333333333333,1
5,15,120,150,0.333831820069878,0.0111277273356626,0.0596722204167393,0,0,86.3606711008144,258.69514500666,0,3.36666666666667,1,1.26666666666667,1,25.3666666666667,0.0790855417005241,0,0,0,0,3,0,0,29.2,2,0.8,1,0,0
6,15,150,180,0.377884260539911,0.012596142017997,0.0559637698634239,0,0,46.8475804052937,123.973357181797,1,5.26666666666667,2,5.23333333333333,1,19.5,0.0683213914758719,0,0,0,0,3,0,0,29.7333333333333,2,0,0,0.266666666666667,0
7,15,180,210,0.827442624881424,0.0275814208293808,0.0819732499972264,0,0,697.11652154994,842.495298873247,2,4.3,5,5.83333333333333,2,19.8666666666667,0.0693634484427316,0,0,0,0,3,0,0,28.7666666666667,5,0.566666666666667,1,0.666666666666667,1
8,15,210,240,0.757610966051728,0.0252536988683909,0.094881554869269,0,0,625.437131982519,825.538647152866,5,14.8,8,12.0666666666667,3,3.13333333333333,0.0357386930698022,0,0,0,0,3,0,0,29.2,2,0.8,1,0,0
9,15,240,270,0.535158495868116,0.0178386165289372,0.0557569384304937,0,0,243.164393827465,454.378274296125,3,6.53333333333333,4,15.0333333333333,1,8.43333333333333,0.0542854695717056,0,0,0,0,3,0,0,29.4,2,0,0,0.6,1
10,15,270,300,0.45656202946242,0.015218734315414,0.0583586990215375,0,0,654.736060462868,1434.05718875437,4,15.0333333333333,4,14.9666666666667,0,0,0.035077903142561,0,0,0,0,3,0,0,29.0666666666667,3,0.933333333333333,2,0,0
1,16,0,30,1.79659408953911,0.0598864696513037,0.128384958939164,0,0,2911.37636599389,1620.49757535424,5,14.1333333333333,11,11.7666666666667,5,4.1,0.0401308486726868,7,4.33333333333333,5,3.06666666666667,3,0,0,20.2333333333333,5,6.46666666666667,6,3.3,5
2,16,30,60,2.10883139054386,0.0702943796847953,0.118246223205251,0,0,4711.27955830121,2234.0712393731,7,10.8666666666667,15,8.4,9,10.6333333333333,0.0494785682531626,6,3.83333333333333,4,2.86666666666667,3,0,0,10.0333333333333,5,16.0333333333333,9,3.93333333333333,5
3,16,60,90,2.06627887934376,0.0688759626447919,0.112971543008105,0,0,5252.74896259023,2542.12972658293,6,15.7333333333333,14,8.33333333333333,8,5.93333333333333,0.0347744821147871,3,1.8,8,7.66666666666667,3,0,0,13.3666666666667,5,15.1,6,1.53333333333333,2
4,16,90,120,2.20701506189074,0.0735671687296913,0.118288031843113,0,0,5942.14234745458,2692.3886701362,7,17.7666666666667,13,5.83333333333333,5,6.4,0.0349114529246854,12,7.93333333333333,6,3.36666666666667,3,0,0,12.4666666666667,8,14.6,7,2.93333333333333,5
5,16,120,150,2.25295768250513,0.0750985894168375,0.134481606603199,0,0,5609.10223232179,2489.6616016706,7,20.5,10,3.66666666666667,4,5.83333333333333,0.029796115966134,16,10.4,3,2.86666666666667,3,0,0,13.7333333333333,10,13.3,8,2.96666666666667,5
6,16,150,180,2.25241316045617,0.0750804386818725,0.131605771108877,0,0,4937.67933861944,2192.17301039896,6,13.2,15,7.73333333333333,8,8.73333333333333,0.0430978614408131,14,10.5,5,5.7,3,0,0,14.5333333333333,9,12.9666666666667,6,2.5,4
7,16,180,210,2.56406326448855,0.0854687754829516,0.124653791235842,0,0,5750.6803926479,2242.7997281865,7,9.7,14,4.93333333333333,8,14.5,0.052937702060913,7,5.86666666666667,7,5.1,3,0,0,5.23333333333333,5,17.8,12,6.96666666666667,6
8,16,210,240,2.37777622833227,0.0792592076110758,0.131713443580948,0,0,5647.57691432125,2375.15071730797,6,13.6666666666667,16,6.6,10,8.03333333333333,0.0373649250743742,15,10.3333333333333,8,6.73333333333333,3,0,0,4.33333333333333,4,20,9,5.66666666666667,6
9,16,240,270,2.6569453987381,0.0885648466246035,0.130179084366406,0,0,6711.15904512254,2525.89272188655,2,4.86666666666667,8,2.7,6,21.9333333333333,0.0710951445444564,15,16.9333333333333,7,5.2,3,0,0,8.53333333333333,9,17.7666666666667,9,3.7,3
10,16,270,300,2.12944949319264,0.0709816497730879,0.131975740215335,0,0,5364.00095175189,2518.96134136986,5,7.76666666666667,11,5.7,6,16.4666666666667,0.0616848541527464,9,8.53333333333333,3,2.33333333333333,3,0,0,10.7666666666667,9,16.7333333333333,10,2.5,5
1,17,0,30,0.685893365369001,0.0228631121789667,0.0667171075157846,0,0,1322.45131002408,1928.07129620305,1,22.6333333333333,2,6.06666666666667,1,1.3,0.0240908430563816,0,0,0,1.03333333333333,3,0,0,26.5333333333333,7,3.46666666666667,5,0,0
2,17,30,60,0.906200242334634,0.0302066747444878,0.0834934209975571,0,0,1125.60216397965,1242.11196531991,1,23.7333333333333,2,6.26666666666667,0,0,0.0233384854893378,0,0,2,1.03333333333333,3,0,0,29.5666666666667,2,0.433333333333333,1,0,0
3,17,60,90,1.08038434293907,0.0360128114313022,0.10166985636155,0,0,1686.99534027996,1561.4770348214,4,17.5333333333333,4,10.9,1,1.56666666666667,0.0322335642919963,1,0.5,0,0,3,0,0,27.1666666666667,6,2.5,3,0.333333333333333,1
4,17,90,120,1.12782859858318,0.0375942866194393,0.105537120449737,0,0,1251.15524558902,1109.34874958905,2,21.4666666666667,4,5,1,3.16666666666667,0.025998413809997,0,0,0,0,3,0,0,27.6333333333333,3,1.26666666666667,1,1.1,2
5,17,120,150,1.3554361030267,0.0451812034342234,0.0811017578890814,0,0,1449.32163672567,1069.26592370479,4,24.2,3,5.8,0,0,0.0219994025611718,0,0,1,0.566666666666667,3,0,0,29.4666666666667,2,0,0,0.533333333333333,1
6,17,150,180,1.64984026061309,0.0549946753537697,0.0781753167651446,0,0,2150.18390415336,1303.26793174167,6,24.5,7,4.4,1,1.1,0.0273655325738051,0,0,0,0,3,0,0,29.1,4,0,0,0.9,2
7,17,180,210,1.86722358805115,0.0622407862683715,0.0996497628141474,0,0,3241.12520234027,1735.79919570483,6,17.5333333333333,10,8.56666666666667,4,3.9,0.0366569305386778,0,0,4,2.03333333333333,3,0,0,25.1666666666667,6,4.23333333333333,4,0.6,1
8,17,210,240,2.2162170505931,0.0738739016864366,0.106852471241019,0,0,4170.80665935561,1881.94863776516,8,18.3,12,9,4,2.7,0.0334304556557409,14,11.2333333333333,3,1.7,3,0,0,18.6333333333333,11,10,10,1.36666666666667,2
9,17,240,270,2.08158130888269,0.0693860436294229,0.106997603247361,0,0,3950.51309544419,1897.84231756225,5,20.9,7,4.73333333333333,2,2.76666666666667,0.0235304406016771,12,9.3,1,0.533333333333333,3,0,0,15.8333333333333,10,10.8666666666667,11,3.3,4
10,17,270,300,2.14679845894195,0.0715599486313985,0.109715830617357,0,0,4566.31688916271,2127.03566566431,7,17.1333333333333,10,7.96666666666667,3,3.86666666666667,0.0311703251554892,7,6.1,1,0.533333333333333,3,0,0,16.4666666666667,8,11.1333333333333,7,2.4,3
1,18,0,30,1.22216411824993,0.0407388039416642,0.0872161199893328,0,0,1263.6608606796,1033.95349430573,4,24.1,4,5.9,0,0,0.0221380302379484,1,0.5,0,0,3,0,0,26.5,4,3.5,2,0,0
2,18,30,60,1.62192473750556,0.0540641579168519,0.0980307877712537,0,0,2548.94463647616,1571.55543505448,6,18.4,6,11.6,0,0,0.0273594586688992,2,1.5,1,0.5,3,0,0,27.1,6,2.73333333333333,4,0.166666666666667,0
3,18,60,90,2.04498873881868,0.0681662912939562,0.131726355593577,0,0,4348.05391835167,2126.19944345678,4,16.0333333333333,9,5.63333333333333,5,8.33333333333333,0.0397557829775448,3,2.23333333333333,3,2.43333333333333,3,0,0,16,13,13.4666666666667,12,0.533333333333333,1
4,18,90,120,1.72995668685688,0.0576652228952295,0.108009414426237,0,0,3715.54942028291,2147.77020055548,3,18.1666666666667,5,4.86666666666667,2,6.66666666666667,0.0314781331250183,6,5,5,3.7,3,0,0,12.9333333333333,13,14.2666666666667,12,2.8,4
5,18,120,150,2.07102358677866,0.0690341195592886,0.113756284863666,0,0,5010.04428254887,2419.11502820771,2,10.9333333333333,8,2.73333333333333,6,16.3,0.0527079467018784,14,11.8,7,4.76666666666667,3,0,0,9.43333333333333,7,19.8666666666667,8,0.7,2
6,18,150,180,2.69810309651507,0.0899367698838356,0.130562268082687,0,0,6445.02616465814,2388.72494271352,4,4.93333333333333,11,5.8,7,19.2666666666667,0.0653617106878269,13,10.0333333333333,7,5.16666666666667,3,0,0,4.53333333333333,6,25.1666666666667,6,0.3,0
7,18,180,210,1.77031148501078,0.0590103828336927,0.142739143136697,0,0,2935.39605813834,1658.12405499954,0,20.4666666666667,2,1.16666666666667,2,5.66666666666667,0.0204158316565237,6,3.9,2,2.1,3,0,0,18.5,11,9.36666666666667,10,2.13333333333333,4
8,18,210,240,2.37234040090651,0.0790780133635504,0.123162432902172,0,0,6327.11970510353,2667.03703342312,6,7.13333333333333,14,7.4,8,15.4666666666667,0.0590594534370594,14,11.1666666666667,9,6.56666666666667,3,0,0,4.83333333333333,6,24.7666666666667,9,0.4,1
9,18,240,270,2.27067936988395,0.0756893123294648,0.131021918611104,0,0,5178.17698562827,2280.45273776056,4,11.5333333333333,11,5.96666666666667,7,12.3666666666667,0.0493037246061626,10,8,7,4.83333333333333,3,0,0,10.4333333333333,9,18.4666666666667,9,1.1,1
10,18,270,300,2.33524810742086,0.0778416035806953,0.135869852979317,0,0,5495.54628096883,2353.30295890415,6,6.2,11,7.06666666666667,5,16.7333333333333,0.0606781124407546,13,10.5,8,5.9,3,0,0,8.66666666666667,7,21.0666666666667,9,0.266666666666667,0
1,19,0,30,0.0186212025634721,0.000620706752115735,0.0252155788299618,0,0,0,0,0,0,0,0,0,30,0.0947366301284318,0,0,0,0,3,2.5,2,27.5,3,0,0,0,0
2,19,30,60,0.11366491403287,0.00378883046776233,0.0366675810136781,0,0,53.4004251790348,469.805705950671,0,0,0,0,0,30,0.0944248353430063,0,0,0,0,3,1.66666666666667,2,28.3333333333333,3,0,0,0,0
3,19,60,90,0.184861776774706,0.00616205922582355,0.0327579220015753,0,0,35.7880786583065,193.593717872364,0,0,0,0,0,30,0.0944534489472787,0,0,0,0,3,0.433333333333333,1,28.9333333333333,4,0,0,0.633333333333333,1
4,19,90,120,0.277932185737913,0.00926440619126378,0.0400852203747367,0,0,207.448375511834,746.399251893249,0,0,0,0,0,30,0.0944669776828546,0,0,0,0,3,0,0,29.9333333333333,2,0,0,0.0666666666666667,0
5,19,120,150,0.628022872301597,0.0209340957433866,0.0574841119565897,0,0,711.471991386819,1132.87592341883,2,13.4,2,2.5,0,14.0333333333333,0.0509609225076342,0,0,0,0,3,0,0,28.9333333333333,3,0.966666666666667,1,0.1,0
6,19,150,180,1.06475503557858,0.0354918345192861,0.0636253656380635,0,0,1439.74827111799,1352.18733230563,1,23.3666666666667,2,4.56666666666667,1,2.06666666666667,0.0221631694766294,0,0,0,0,3,0,0,29.7333333333333,2,0,0,0.266666666666667,0
7,19,180,210,1.09962876678438,0.0366542922261461,0.0726827163535449,0,0,1654.7986968955,1504.87032249492,0,29.7666666666667,0,0,0,0,0.00648768119563434,0,0,1,0.5,3,0,0,28.7333333333333,4,0.833333333333333,1,0.433333333333333,1
8,19,210,240,1.09393739967203,0.0364645799890677,0.0885277010140815,0,0,1196.88371296138,1094.10621971624,2,23.7,3,3.06666666666667,1,3.2,0.0234978620554988,0,0,0,0,3,0,0,28.4666666666667,4,1.46666666666667,2,0.0666666666666667,0
9,19,240,270,1.23178152051611,0.0410593840172035,0.0724146887990032,0,0,1668.62837891561,1354.64638097223,2,18.6,5,4.46666666666667,3,6.8,0.0334099901915433,1,0.666666666666667,2,1.1,3,0,0,27.1666666666667,5,0.4,1,2.43333333333333,4
10,19,270,300,1.29922606192178,0.0433075353973926,0.0815531124637462,0,0,1559.40866770936,1200.25968798896,1,25.9,1,1.56666666666667,0,0,0.00733353176821244,0,0,1,0.6,3,0,0,28.3666666666667,4,1.63333333333333,3,0,0
1,20,0,30,1.26699847253213,0.0422332824177378,0.0803941682025119,0,0,868.060010040166,685.131062790725,0,30,0,0,0,0,0.00664579605803653,0,0,0,0,3,0,0,30,1,0,0,0,0
2,20,30,60,1.68916242296694,0.056305414098898,0.0983213660412418,0,0,1902.0788972172,1126.04855007151,2,17.3,4,6.7,2,6,0.0358915505723945,1,0.5,1,0.733333333333333,3,0,0,28.3,4,1.13333333333333,2,0.566666666666667,0
3,20,60,90,1.74700969422997,0.0582336564743323,0.0902182718625564,0,0,1939.33342233332,1110.08738459698,2,22.1,4,5.53333333333333,1,2.36666666666667,0.027217082515707,1,0.533333333333333,1,0.5,3,0,0,27.2,6,2.8,4,0,0
4,20,90,120,1.82670426508351,0.0608901421694502,0.0961279292087205,0,0,1918.96087203944,1050.50440222831,2,9.13333333333333,5,12.7,4,8.16666666666667,0.0487658965263908,9,6.23333333333333,0,0,3,0,0,28.8,3,1.2,2,0,0
5,20,120,150,1.73794451313569,0.0579314837711896,0.0988301870446892,0,0,1680.02947339642,966.676128437051,2,19.2,3,5.6,1,5.2,0.0315366730623556,7,4.3,1,0.533333333333333,3,0,0,29.5,2,0.5,1,0,0
6,20,150,180,1.80178791390775,0.0600595971302582,0.0969566737089944,0,0,2272.22684569272,1261.09561960857,4,12.0333333333333,6,9.33333333333333,2,8.63333333333333,0.0443675760318562,5,2.6,2,1.23333333333333,3,0,0,27.7666666666667,4,2.23333333333333,3,0,0
7,20,180,210,1.70422571952488,0.0568075239841628,0.0923647339391382,0,0,2033.4411022487,1193.17592672853,2,13.6,5,6.46666666666667,3,9.93333333333333,0.0456058953459699,1,0.533333333333333,1,0.9,3,0,0,26.7666666666667,4,3.23333333333333,3,0,0
8,20,210,240,1.63514972442825,0.0545049908142749,0.0900474199625129,0,0,1920.62887641693,1174.58899801271,2,11.1666666666667,4,6.33333333333333,2,11.9,0.0477394858782393,2,1.53333333333333,2,1.2,3,0,0,27.8333333333333,6,1.83333333333333,3,0.333333333333333,1
9,20,240,270,1.79997626194468,0.0599992087314892,0.0862948012033783,0,0,3767.17052696272,2092.90011574525,1,10.0666666666667,5,6.13333333333333,4,13.7,0.052164671117644,2,1.06666666666667,4,3.1,3,0,0,24.0666666666667,5,5.56666666666667,3,0.366666666666667,1
10,20,270,300,1.2030558183056,0.0401018606101866,0.0701356150481197,0,0,2063.04290336303,1714.83556454484,0,27.7,0,0,0,0,0.00279253020781323,0,0,0,0,3,0,0,26.4666666666667,6,1.23333333333333,1,2.3,3
1,21,0,30,0.828529414073625,0.0276176471357875,0.0740900599780712,0,0,563.963748490423,680.680418716321,0,29.8,0,0,0,0,0.0033734659506942,0,0,0,0,3,0,0,29.6333333333333,2,0.366666666666667,1,0,0
2,21,30,60,1.29972380286387,0.0433241267621289,0.115086544934926,0,0,1181.98403917353,909.411704678402,0,28.8,0,0,0,0,0.00215293149254973,1,0.933333333333333,2,1.23333333333333,3,0,0,29.8,3,0.2,0,0,0
3,21,60,90,1.42843777772957,0.0476145925909857,0.0865401011668623,0,0,1367.03454263357,957.013713825463,0,29.5,0,0,0,0,0.00187187636398532,0,0,0,0,3,0,0,26.9333333333333,6,3.06666666666667,4,0,0
4,21,90,120,1.46605184887479,0.0488683949624931,0.103612763423611,0,0,1924.49618281773,1312.70676701837,0,29.9333333333333,0,0,0,0,0.00203807494199366,0,0,0,0,3,0,0,23.3333333333333,9,3.4,3,3.26666666666667,4
5,21,120,150,1.74078450134415,0.0580261500448051,0.100759173371357,0,0,2302.86459115021,1322.88895573924,1,15.3333333333333,2,5.93333333333333,1,8.56666666666667,0.0380060724794775,8,6.13333333333333,1,0.5,3,0,0,25.4,8,1.23333333333333,1,3.36666666666667,4
6,21,150,180,2.28179675858035,0.0760598919526783,0.134472304391387,0,0,3720.63848926965,1630.57400939797,3,5.66666666666667,8,11.4666666666667,5,12.8666666666667,0.0570012002401583,13,11.7666666666667,2,1.63333333333333,3,0,0,18.4666666666667,11,9.26666666666667,8,2.26666666666667,3
7,21,180,210,2.48927391941433,0.082975797313811,0.126940372467976,0,0,4834.59402069363,1942.17035858838,2,1.6,6,5.26666666666667,4,23.1333333333333,0.0751230036162693,7,4.7,3,2.1,3,0,0,16.4333333333333,9,13.5666666666667,10,0,0
8,21,210,240,2.19173657862398,0.0730578859541328,0.112037360969875,0,0,3728.75054162612,1701.2767765947,3,13.5,8,7.53333333333333,5,8.96666666666667,0.0433688286384704,10,6.6,1,0.966666666666667,3,0,0,20.9333333333333,7,7.16666666666667,7,1.9,2
9,21,240,270,2.54437922577105,0.0848126408590349,0.141852008018409,0,0,4415.11520605472,1735.24259329572,4,5.9,11,6.36666666666667,7,17.7333333333333,0.0631590345915856,16,17.1666666666667,3,2.16666666666667,3,0,0,17.6666666666667,8,12.3333333333333,7,0,0
10,21,270,300,2.04271715546288,0.0680905718487625,0.162962154220186,0,0,3542.5162676124,1734.21771004301,1,22.6,2,0.666666666666667,1,5.86666666666667,0.0215536464538829,11,8.6,4,2.9,3,0,0,17.9,7,6.23333333333333,6,5.86666666666667,6
1,22,0,30,0.208425729733698,0.00694752432445659,0.0995530509376662,17.3,2,844.287694853167,4050.78440138797,0,29.5,0,0,0,0,0.00545244513847077,0,0,2,1,3,19.5,2,8.13333333333333,4,1.96666666666667,1,0.4,1
2,22,30,60,0.373092398905389,0.0124364132968463,0.0634547572143081,10.8666666666667,0,1147.22071687006,3074.89705026391,0,30,0,0,0,0,0.00395231447556065,0,0,1,0.566666666666667,3,6.63333333333333,2,23.1,3,0.266666666666667,0,0,0
3,22,60,90,0.349054564754274,0.0116351521584758,0.0533824115446493,0,0,638.11422583672,1828.12170437002,0,30,0,0,0,0,0.00445482648857454,0,0,1,0.566666666666667,3,1.93333333333333,3,28.0666666666667,5,0,0,0,0
4,22,90,120,1.04921554387463,0.0349738514624877,0.0727375688877082,0,0,1372.19666422,1307.8310479014,0,29.9666666666667,0,0,0,0,0.0046008055455105,0,0,1,0.533333333333333,3,0,0,29.1333333333333,2,0.866666666666667,1,0,0
5,22,120,150,1.52701818021884,0.0509006060072948,0.0967324609710638,0,0,1189.76650457327,779.143640845689,0,30,0,0,0,0,0.00666880449669502,4,2.63333333333333,0,0,3,0,0,29.6333333333333,2,0.366666666666667,1,0,0
6,22,150,180,2.14156412985533,0.0713854709951778,0.120127626767073,0,0,1981.31339080865,925.171169607931,0,30,0,0,0,0,0.00962707766297865,15,10.1666666666667,1,0.7,3,0,0,27.1,4,2.9,2,0,0
7,22,180,210,2.04754805701692,0.0682516019005641,0.112189890879023,0,0,2596.83691624661,1268.26665061525,2,29.1666666666667,2,0.833333333333333,0,0,0.0143723845262774,5,3.4,1,1.26666666666667,3,0,0,26.2666666666667,5,3.73333333333333,5,0,0
8,22,210,240,1.5242393316795,0.05080797772265,0.179539708873642,0,0,2849.64138776059,1869.54983284724,0,28.7666666666667,0,0,0,0,0.00640241086700108,7,4.3,2,1,3,0,0,25.9,8,3.46666666666667,5,0.633333333333333,1
9,22,240,270,1.34230608183831,0.0447435360612769,0.155367720766573,0,0,1661.0472029133,1237.45785360554,0,29.2,0,0,0,0,0.00308812957967632,5,3.5,1,0.5,3,2.8,1,25.2666666666667,5,1.93333333333333,3,0,0
10,22,270,300,0.945519115103195,0.0315173038367732,0.152873764880129,6.5,2,1788.18452225414,1891.21985340188,0,29.5666666666667,0,0,0,0,0.00303932666851863,5,3.36666666666667,1,1.26666666666667,3,6.76666666666667,2,21.3666666666667,5,1.86666666666667,2,0,0
1,23,0,30,0.707286773702217,0.0235762257900739,0.0514662192750188,0,0,229.394394324571,324.330106052783,0,29.7666666666667,0,0,0,0,0.0037543346311335,0,0,0,0,3,0,0,28.5333333333333,3,1.46666666666667,2,0,0
2,23,30,60,1.12427527538725,0.0374758425129085,0.0804815014323232,0,0,953.555620280803,848.151374628739,1,19.7,3,4.46666666666667,1,5.66666666666667,0.0299493590551391,0,0,0,0,3,0,0,26.4,5,2.6,3,1,2
3,23,60,90,1.16842709043601,0.0389475696812004,0.0838041799622797,0,0,1070.94936412127,916.57354822339,4,15.0666666666667,6,7.53333333333333,3,6.66666666666667,0.0357568302951899,0,0,0,0,3,0,0,22.8333333333333,4,4.76666666666667,4,2.4,3
4,23,90,120,1.41294700167444,0.0470982333891479,0.0854123084131272,0,0,2239.02686042273,1584.65027900504,4,15.9666666666667,9,8.43333333333333,5,5.6,0.0367711630547315,0,0,1,1.66666666666667,3,0,0,18.8666666666667,9,9.13333333333333,8,2,4
5,23,120,150,1.42647701304227,0.0475492337680755,0.104030980133647,0,0,2099.76713113317,1471.99507032712,3,7.76666666666667,10,10.2666666666667,7,11.9666666666667,0.0527065396459798,3,1.86666666666667,1,0.8,3,0,0,16.6,9,8.4,11,5,7
6,23,150,180,1.71883281451526,0.0572944271505087,0.0907811790651175,0,0,2064.03186050148,1200.83340454701,5,8.86666666666667,8,5.7,3,15.4333333333333,0.0587171855001681,8,4.83333333333333,1,0.5,3,0,0,23.2333333333333,8,3.73333333333333,5,3.03333333333333,4
7,23,180,210,1.45323335815572,0.0484411119385239,0.0937811539745073,0,0,2022.9251658023,1392.01674283721,4,10.5,10,6.23333333333333,5,11.5333333333333,0.0474154127032058,1,0.533333333333333,2,1.06666666666667,3,0,0,19.1,11,5.36666666666667,5,5.53333333333333,6
8,23,210,240,1.66685905277468,0.0555619684258226,0.113136046307281,0,0,2457.92617369308,1474.5854903578,3,7.73333333333333,7,5.26666666666667,5,16.8666666666667,0.0607968008232913,3,1.56666666666667,5,2.66666666666667,3,0,0,19.5,11,6.4,7,4.1,5
9,23,240,270,1.47484015141506,0.0491613383805021,0.0851146871250598,0,0,1454.03913965831,985.896090680202,3,11.1,7,7.4,3,11.5,0.0496835927463872,4,2.66666666666667,0,0,3,0,0,22.3333333333333,8,1.33333333333333,2,6.33333333333333,7
10,23,270,300,1.13507531199828,0.037835843733276,0.0735883970070983,0,0,2319.11897688723,2043.14106066183,1,2.53333333333333,6,7.76666666666667,6,19.7,0.0692832372050018,0,0,4,2.36666666666667,3,0,0,14.9666666666667,8,11.8333333333333,7,3.2,5
1,24,0,30,0,0,0.00537630501753054,29.1,1,0,NA,0,30,0,0,0,0,0.00114309803184312,0,0,0,0,3,30,1,0,0,0,0,0,0
2,24,30,60,0,0,0.00294727416670884,30,0,0,NA,0,30,0,0,0,0,0.00275517831086913,0,0,0,0,3,30,1,0,0,0,0,0,0
3,24,60,90,0,0,0.00312868481095076,30,0,0,NA,0,30,0,0,0,0,0.00272407065127826,0,0,0,0,3,30,1,0,0,0,0,0,0
4,24,90,120,0,0,0.00208060828133574,30,0,0,NA,0,30,0,0,0,0,0.00292829588619987,0,0,0,0,3,30,1,0,0,0,0,0,0
5,24,120,150,1.65934593956342,0.0553115313187806,0.161648000870847,0,0,6524.68495817646,3932.08239620795,0,29.1333333333333,0,0,0,0,0.00488600135873334,7,4.46666666666667,13,7.7,3,2.03333333333333,1,10.2666666666667,8,17.7,10,0,0
6,24,150,180,1.76388802429328,0.0587962674764428,0.204879841972258,0,0,5171.37130869709,2931.80249396446,0,28.6666666666667,0,0,0,0,0.00385216681127461,11,6.36666666666667,9,5.93333333333333,3,0,0,14.6666666666667,11,15.3333333333333,10,0,0
7,24,180,210,1.74601307619593,0.0582004358731978,0.160224263594617,0,0,3076.7850982447,1762.17758056437,0,29.5333333333333,0,0,0,0,0.0056451300214546,5,3.13333333333333,1,0.5,3,2.16666666666667,1,19.8,8,8.03333333333333,7,0,0
8,24,210,240,2.05716306606187,0.0685721022020623,0.223190620972978,0,0,3455.09438672044,1679.54327185871,0,29.9333333333333,0,0,0,0,0.00531988527047803,11,7.33333333333333,1,0.533333333333333,3,0,0,19.1,10,10.5666666666667,11,0.333333333333333,1
9,24,240,270,1.96270728539939,0.0654235761799797,0.175447698975342,0,0,2729.09461060163,1390.47459134809,0,30,0,0,0,0,0.0057920850083583,7,6.96666666666667,1,0.5,3,0,0,27.7666666666667,2,2.23333333333333,2,0,0
10,24,270,300,1.412839899114,0.0470946633038001,0.109387147368013,0,0,1381.10872179122,977.540854174149,0,29.7333333333333,0,0,0,0,0.00652071293192698,5,2.76666666666667,0,0,3,0,0,29.4666666666667,2,0.533333333333333,1,0,0
1,25,0,30,0,0,0.00890462975749558,27.8333333333333,1,0,NA,0,30,0,0,0,0,0.00258689016318261,0,0,0,0,3,29.4,2,0.6,1,0,0,0,0
2,25,30,60,0.140089202208238,0.00466964007360794,0.0318546550827097,0,0,48.3846817386515,345.384804652747,0,10.5,1,4.43333333333333,1,14.7,0.0546550484954146,0,0,0,0,3,3.26666666666667,2,26.7333333333333,2,0,0,0,0
3,25,60,90,0,0,0.0128930014132007,12.4,4,0,NA,0,0,1,5.9,1,24.1,0.0831356994644203,0,0,0,0,3,20.4666666666667,9,9.53333333333333,7,0,0,0,0
4,25,90,120,0.00210806690139489,7.0268896713163e-05,0.0119440181609166,14.1333333333333,4,0,0,0,0,0,0,0,30,0.0954802277123779,0,0,0,0,3,23.5333333333333,8,6.46666666666667,6,0,0,0,0
5,25,120,150,0.519005712938706,0.0173001904312902,0.0828947483126745,9.36666666666667,1,770.274404035312,1484.13473076024,1,14.5,1,0.866666666666667,0,12.5,0.046209542345192,1,0.5,1,0.566666666666667,3,9.23333333333333,2,18.4333333333333,4,0.166666666666667,0,2.16666666666667,2
6,25,150,180,0.070410759927281,0.00234702533090937,0.0636600260835613,23.9,2,184.270849515834,2617.08366315241,0,29.9666666666667,0,0,0,0,0.00253479680442969,0,0,0,0,3,21.8666666666667,3,7.23333333333333,3,0.9,1,0,0
7,25,180,210,0.477323642759295,0.0159107880919765,0.06671471890026,4.96666666666667,0,523.899823445054,1097.57777849954,0,29.2333333333333,0,0,0,0,0.00412073854986587,0,0,0,0,3,5.16666666666667,1,24.5333333333333,2,0,0,0.3,0
8,25,210,240,1.01010809454923,0.0336702698183076,0.0742330465286677,0,0,1185.40536696639,1173.54308253058,1,27.9666666666667,2,2.03333333333333,0,0,0.0144566799727896,2,1.1,1,1,3,0,0,28.4333333333333,3,1.56666666666667,2,0,0
9,25,240,270,1.21001336953145,0.0403337789843816,0.0670202424769683,0,0,1440.40720276447,1190.40602280472,2,19.5666666666667,2,5.26666666666667,1,5,0.030073949852404,0,0,0,0,3,0,0,25.9,8,1.63333333333333,3,2.46666666666667,3
10,25,270,300,1.08321202226808,0.0361070674089361,0.0712737195009914,0,0,910.740350688573,840.777550438945,1,23.1666666666667,2,1.9,1,4.76666666666667,0.025868709396834,0,0,0,0,3,0,0,27.8666666666667,6,0.566666666666667,1,1.56666666666667,3
1,26,0,30,0.181856013987069,0.00606186713290231,0.0554588002522597,15.6333333333333,1,53.9429201845008,296.624340332987,0,29.8666666666667,0,0,0,0,0.00475576330658188,0,0,1,0.566666666666667,3,20.1,1,9.06666666666667,3,0.833333333333333,2,0,0
2,26,30,60,0.0245015130346089,0.000816717101153631,0.0478133458629792,15.9,2,85.0880330084082,3472.76647316513,0,29.8,1,0.2,0,0,0.00979677390701689,0,0,0,0,3,26.9,3,3.1,2,0,0,0,0
3,26,60,90,0.141739035746864,0.00472463452489545,0.0440024650382077,4.86666666666667,1,166.8488968263,1177.15557995104,0,0,0,2.33333333333333,1,27.4666666666667,0.0881991492045951,0,0,0,0,3,7.06666666666667,4,22.9333333333333,4,0,0,0,0
4,26,90,120,0.107544945672027,0.00358483152240089,0.074106633360951,17.0666666666667,3,143.645312585353,1335.67702031688,0,0,2,23.2333333333333,1,6.76666666666667,0.0635479809424991,1,0.533333333333333,0,0,3,24.8,2,4.66666666666667,2,0,0,0.533333333333333,1
5,26,120,150,0,0,0.00640667343006979,26.4,4,0,NA,0,0,1,3.26666666666667,2,26.7333333333333,0.0778086648702342,0,0,0,0,3,30,1,0,0,0,0,0,0
6,26,150,180,0.508755267003152,0.0169585089001051,0.0932766047700183,4.86666666666667,2,602.848698353483,1184.94831887362,1,17.9333333333333,1,0.533333333333333,0,10.8666666666667,0.0390232053723889,0,0,1,0.5,3,14.8333333333333,2,14.3666666666667,4,0.466666666666667,1,0.333333333333333,0
7,26,180,210,0.761708206143643,0.0253902735381214,0.0620321034497657,0,0,189.061171937696,248.206820423886,0,28.3666666666667,0,0,0,0,0.00290708648936591,0,0,0,0,3,0.3,0,28.2666666666667,5,0,0,1.43333333333333,3
8,26,210,240,0.501465949866245,0.0167155316622082,0.0614417321007879,0,0,272.605836572392,543.617840144687,0,29.4333333333333,0,0,0,0,0.00307184299427565,0,0,0,0,3,5.46666666666667,3,23.5666666666667,5,0,0,0.966666666666667,2
9,26,240,270,0,0,0.00588842679321053,28.9,2,0,NA,0,30,0,0,0,0,0.00371255711350724,0,0,0,0,3,30,1,0,0,0,0,0,0
10,26,270,300,0,0,0.0071927200863604,29.0333333333333,1,0,NA,0,30,0,0,0,0,0.00401810542999752,0,0,0,0,3,30,1,0,0,0,0,0,0
1,27,0,30,0.067581367987457,0.00225271226624857,0.0422850682737312,23.6666666666667,1,4.06177628188877,60.1020133632488,0,27.9,1,1.63333333333333,1,0.466666666666667,0.0113452283268086,0,0,0,0,3,25.6,1,4.4,1,0,0,0,0
2,27,30,60,1.07356493706069,0.0357854979020231,0.0695329806104429,0,0,1138.22393308133,1060.2283045846,2,14.1333333333333,4,6.4,2,9.46666666666667,0.0400118135580702,0,0,0,0,3,0,0,29.2,3,0.5,1,0.3,0
3,27,60,90,1.30993313124445,0.0436644377081483,0.0767386280958125,0,0,1177.41451510603,898.835587116937,2,17.1,5,6.46666666666667,3,5.63333333333333,0.0290076906129969,1,0.6,2,1,3,0,0,24.5666666666667,8,0,0,5.43333333333333,8
4,27,90,120,1.50465632353323,0.0501552107844411,0.0832341792016035,0,0,1824.70121847288,1212.70298734273,3,12.8,4,8.13333333333333,1,9.06666666666667,0.0430484698188036,0,0,2,1.06666666666667,3,0,0,21.8333333333333,7,2.86666666666667,3,5.3,5
5,27,120,150,1.57775726105617,0.0525919087018722,0.0853661975258323,0,0,1653.33033672297,1047.89905109752,3,8.53333333333333,8,11.0333333333333,5,10.4333333333333,0.0496381318120231,1,0.9,4,2.5,3,0,0,27.4666666666667,6,1.26666666666667,2,1.26666666666667,2
6,27,150,180,1.80213866889662,0.0600712889632206,0.0856111631416692,0,0,2617.68661120733,1452.5444997027,1,13.4,6,5.16666666666667,5,11.3666666666667,0.0437146660334205,1,0.7,3,1.6,3,0,0,23.9333333333333,10,0.5,1,5.56666666666667,7
7,27,180,210,1.71432989367311,0.0571443297891037,0.0886480762437336,0,0,1617.03345488285,943.245206684346,4,15.5,6,4.16666666666667,2,8.83333333333333,0.0351463327352704,4,2.43333333333333,2,1.16666666666667,3,0,0,18.1666666666667,12,2.43333333333333,5,9.4,10
8,27,210,240,1.47696129582821,0.0492320431942737,0.0840977292933584,0,0,1178.84467491223,798.155427797574,2,8.83333333333333,8,6.23333333333333,6,14.9333333333333,0.0563709792586018,2,2.4,0,0,3,0,0,21.1666666666667,7,0.9,1,7.93333333333333,7
9,27,240,270,1.52340097900896,0.050780032633632,0.0823917662821827,0,0,1954.74221773981,1283.14360084726,2,11.2,7,5.16666666666667,5,13.6333333333333,0.0495836652381279,2,1.3,1,0.5,3,0,0,22.4,9,1.46666666666667,2,6.13333333333333,8
10,27,270,300,1.42080581050643,0.0473601936835478,0.0841440440131467,0,0,1390.66032498918,978.782825003714,2,15.8,4,4.23333333333333,2,9.33333333333333,0.0352810305056974,0,0,2,1.23333333333333,3,0,0,24.8,7,0.4,0,4.8,6
1,28,0,30,0.284900761465719,0.0094966920488573,0.0424002752836432,0,0,106.429188654316,373.5658272964,2,5.03333333333333,4,17.7333333333333,3,7.23333333333333,0.0523349255452678,0,0,0,0,3,1.76666666666667,2,27.7666666666667,3,0,0,0.466666666666667,1
2,28,30,60,0.341365347174583,0.0113788449058194,0.0435278862840633,0,0,108.373899107353,317.471881678511,0,0,0,0,0,30,0.0905364220120614,0,0,0,0,3,1.2,1,28.8,2,0,0,0,0
3,28,60,90,0.3506820242035,0.0116894008067833,0.0482609043254878,0,0,435.500844658125,1241.86817287619,0,0,0,0,0,30,0.0906215150649247,0,0,0,0,3,0,0,28.7333333333333,2,0.666666666666667,1,0.6,1
4,28,90,120,0.197648935208417,0.00658829784028055,0.0460404528896499,0,0,156.158860140132,790.081970213835,1,2.23333333333333,1,1.33333333333333,0,25.7,0.0804454460395169,0,0,0,0,3,0,0,28.7,5,0,0,1.3,2
5,28,120,150,0.767813892105074,0.0255937964035025,0.0611875643209252,0,0,926.647764170561,1206.86506678073,2,17.6,3,4.46666666666667,1,6.76666666666667,0.034146085396291,0,0,0,0,3,0,0,29.3666666666667,2,0,0,0.633333333333333,1
6,28,150,180,0.693782062193686,0.0231260687397895,0.0672379990400616,0,0,318.951951669676,459.729314218898,2,17.9666666666667,4,5.8,2,6.2,0.0349178922589779,0,0,0,0,3,0,0,29.4666666666667,2,0,0,0.533333333333333,1
7,28,180,210,0.90660731451811,0.0302202438172703,0.0606485251254644,0,0,895.942107659004,988.236134114168,5,10.5666666666667,9,13.1666666666667,4,6,0.0432096616413878,0,0,0,0,3,0,0,27.9,4,0,0,2.1,3
8,28,210,240,0.608551898034298,0.0202850632678099,0.0802936442190243,0,0,792.183432387734,1301.75164180178,1,4.66666666666667,5,10.3666666666667,3,14.9666666666667,0.0616028245242317,1,0.5,1,0.4,3,0,0,28.3,3,0,0,1.7,2
9,28,240,270,0.713735955109005,0.0237911985036335,0.0542779076046657,0,0,618.429543716821,866.468249623731,4,17.4,7,10.6333333333333,3,1.96666666666667,0.0321582557781478,0,0,0,0.1,3,0,0,28.8666666666667,3,0,0,1.13333333333333,2
10,28,270,300,0.485222670147544,0.0161740890049181,0.0601277880740322,0,0,556.841129029392,1147.59916073186,5,14.9666666666667,6,10.5333333333333,1,3.7,0.035100832268405,0,0,0,0,3,0.866666666666667,1,28.5666666666667,3,0,0,0.566666666666667,1
1,29,0,30,0,0,0.00470992843412574,30,0,0,NA,0,30,0,0,0,0,0.00253800293427661,0,0,0,0,3,30,1,0,0,0,0,0,0
2,29,30,60,0.0660903639697874,0.00220301213232625,0.0352616329274183,20.9,0,2.77691943026697,42.0170091896667,0,30,0,0,0,0,0.003791368877822,0,0,0,0,3,6.26666666666667,6,23.3666666666667,8,0,0,0.366666666666667,1
3,29,60,90,0.17799607298512,0.00593320243283734,0.0439691997490628,0,0,379.631378733259,2132.80760842962,1,17.8333333333333,3,5.8,1,6.33333333333333,0.0328658448109511,0,0,0,0,3,0.366666666666667,1,28.8666666666667,5,0,0,0.766666666666667,0
4,29,90,120,0.17958526494795,0.00598617549826499,0.0370663413670703,0,0,660.984966717901,3680.61915831167,1,25.5666666666667,0,4.2,0,0,0.0151482154324818,0,0,0,0,3,0,0,30,1,0,0,0,0
5,29,120,150,0.144453337886421,0.00481511126288071,0.0538218870526506,0,0,179.812857835396,1244.78160537056,0,30,0,0,0,0,0.00665744057664098,0,0,0,0,3,0.4,1,29.6,2,0,0,0,0
6,29,150,180,0.159406138297824,0.00531353794326079,0.0498365741864,0,0,184.618476664934,1158.16416253686,0,30,0,0,0,0,0.0064810615780479,0,0,0,0,3,1.1,2,28.4666666666667,4,0.433333333333333,1,0,0
7,29,180,210,0.116364355685553,0.00387881185618509,0.0344595693230759,0,0,208.635512237478,1792.95034985856,0,30,0,0,0,0,0.00897291424642131,0,0,0,0,3,3.3,3,26.1666666666667,3,0.533333333333333,1,0,0
8,29,210,240,0.242105042195828,0.00807016807319426,0.052861030881394,0,0,551.556734718208,2278.17120087932,0,29,0,0,0,0,0.00428789551750062,0,0,0,0,3,0.666666666666667,1,29.3333333333333,1,0,0,0,0
9,29,240,270,0.382570123596622,0.0127523374532207,0.0415684557118071,0,0,245.838920249926,642.598324037283,0,29.2333333333333,0,0,0,0,0.00673002593968645,0,0,0,0,3,0.366666666666667,1,29.3,3,0.333333333333333,1,0,0
10,29,270,300,0.517358996417115,0.0172452998805705,0.0504949862149653,0,0,376.849255144726,728.409591317699,0,29.0333333333333,0,0,0,0,0.00374355006932615,0,0,0,0,3,0,0,29.7,2,0.3,0,0,0
1,30,0,30,1.50771686585971,0.0502572288619905,0.118694493596795,0,0,2245.99591594171,1489.66690417768,0,30,0,0,0,0,0.0147473962519621,3,2,2,1.23333333333333,3,0,0,24.2333333333333,9,5.76666666666667,9,0,0
2,30,30,60,1.97760949832964,0.0659203166109881,0.111121769309671,0,0,3544.524503927,1792.32781139089,0,20.3,3,3.63333333333333,3,6.06666666666667,0.0352723579306033,4,2.5,2,1.56666666666667,3,0,0,23.1666666666667,6,6.83333333333333,6,0,0
3,30,60,90,2.24581268664065,0.0748604228880217,0.13111116725306,0,0,3746.04814669371,1668.01450939221,1,19.9,1,1.76666666666667,0,8.33333333333333,0.0386450155772223,10,6.93333333333333,7,4.23333333333333,3,0,0,26.0333333333333,5,3.9,3,0.0666666666666667,0
4,30,90,120,1.59904915453743,0.0533016384845809,0.0872135237186,0,0,2549.84499688058,1594.60075986107,0,30,0,0,0,0,0.0147955807293706,4,2.06666666666667,6,3.13333333333333,3,0,0,29.7333333333333,2,0,0,0.266666666666667,0
5,30,120,150,2.04424860430559,0.0681416201435197,0.102357017577828,0,0,4129.23143784591,2019.92626001991,6,19.4333333333333,7,7.1,1,3.46666666666667,0.0311514786429473,6,3.96666666666667,6,4.86666666666667,3,0,0,25.2333333333333,5,4.76666666666667,3,0,0
6,30,150,180,1.65413680762652,0.0551378935875505,0.0930737701080919,0,0,2883.9454045107,1743.47453681828,3,14.6,6,7.1,2,5.83333333333333,0.0348191304461002,0,0,1,1.46666666666667,3,0,0,24.9333333333333,7,4.33333333333333,6,0.733333333333333,2
7,30,180,210,2.01275072519532,0.0670916908398441,0.11604399445554,0,0,4299.72834305212,2136.24483609855,4,12.3333333333333,9,8.4,5,9.26666666666667,0.04627146948181,5,3.63333333333333,4,2.33333333333333,3,0,0,18.0666666666667,8,11.3,9,0.633333333333333,1
8,30,210,240,1.97835851286194,0.0659452837620646,0.0999556573960425,0,0,4471.90652906499,2260.41260974273,3,11.0666666666667,8,11.8333333333333,6,6.56666666666667,0.0436374537708407,8,4.73333333333333,4,3.93333333333333,3,0,0,16.7,11,11.5,10,1.8,1
9,30,240,270,1.9199562471933,0.06399854157311,0.0969032249373364,0,0,3390.60911779718,1765.98249192072,6,11.5333333333333,10,15.1333333333333,3,3.33333333333333,0.0410194991323524,4,2.56666666666667,3,1.5,3,0,0,24.2,7,3.6,5,2.2,2
10,30,270,300,1.8295290453883,0.0609843015129434,0.0841528989018326,0,0,3395.80045390403,1856.10633647158,3,3.36666666666667,11,13.4666666666667,8,13.1666666666667,0.0593484251902237,1,0.566666666666667,3,1.93333333333333,3,0,0,21.1,11,8.26666666666667,9,0.633333333333333,1
1,31,0,30,0,0,0.00659702009570112,27.6666666666667,1,0,NA,0,29.3,0,0,0,0,0.00198287676971359,0,0,0,0,3,29,3,1,2,0,0,0,0
2,31,30,60,0,0,0.00372667924020124,30,0,0,NA,0,29.8,0,0,0,0,0.00212179696525249,0,0,0,0,3,30,1,0,0,0,0,0,0
3,31,60,90,0,0,0.00248388777978512,30,0,0,NA,0,30,0,0,0,0,0.00284997341579861,0,0,0,0,3,30,1,0,0,0,0,0,0
4,31,90,120,0,0,0.00273432812534298,30,0,0,NA,0,30,0,0,0,0,0.00304086540661958,0,0,0,0,3,30,1,0,0,0,0,0,0
5,31,120,150,0.297758123679294,0.00992527078930982,0.0628256626366075,13.7,0,1001.1030620758,3362.13517772585,0,30,0,0,0,0,0.00417825989355917,0,0,0,0,3,15.4333333333333,3,12.9,4,1.66666666666667,2,0,0
6,31,150,180,0.247156223651338,0.00823854078837794,0.128702003808536,20.5333333333333,1,602.455639421822,2437.54994521887,0,28.8333333333333,0,0,0,0,0.00187852614578846,0,0,0,0,3,20.9333333333333,1,9.06666666666667,1,0,0,0,0
7,31,180,210,0,0,0.00658961499033751,28.8333333333333,1,0,NA,0,29.5333333333333,0,0,0,0,0.0017352672478111,0,0,0,0,3,29.8,1,0.2,0,0,0,0,0
8,31,210,240,0.066665024777481,0.0022221674925827,0.0375737210523939,22.3666666666667,1,133.095027509774,1996.474582497,0,29.5333333333333,0,0,0,0,0.00170671259804377,0,0,0,0,3,24.1,3,5.9,2,0,0,0,0
9,31,240,270,0,0,0.00283397493250921,30,0,0,NA,0,30,0,0,0,0,0.00310741722317268,0,0,0,0,3,30,1,0,0,0,0,0,0
10,31,270,300,0.191397307282361,0.00637991024274537,0.0548032622751571,17.3666666666667,1,534.512399111547,2792.6850523712,0,30,0,0,0,0,0.00217886213947956,0,0,0,0,3,18.1666666666667,1,10.9333333333333,3,0.9,2,0,0
1,32,0,30,0.647165688235698,0.0215721896078566,0.0570768467058675,0,0,1676.049774614,2589.83102021871,3,21.8,5,4.93333333333333,2,3.26666666666667,0.0266291687610852,0,0,3,1.83333333333333,3,0,0,23.8666666666667,6,4.8,5,1.33333333333333,2
2,32,30,60,0.925817545235055,0.0308605848411685,0.0752390773745651,0,0,1280.59054645025,1383.19969527594,0,29.4666666666667,1,0.533333333333333,0,0,0.0141273968740414,0,0,2,1.23333333333333,3,0,0,27.4333333333333,4,2.16666666666667,2,0.4,1
3,32,60,90,1.33491627770801,0.0444972092569338,0.138683769145032,0,0,1774.78180038852,1329.50794744651,5,22.6,5,6.83333333333333,1,0.566666666666667,0.02294578485755,3,1.76666666666667,3,3.26666666666667,3,0,0,25.9,6,3.76666666666667,4,0.333333333333333,1
4,32,90,120,1.21502040663369,0.040500680221123,0.0771670527775843,0,0,1813.50863878397,1492.57463404128,2,21.1,4,4.03333333333333,2,4.36666666666667,0.0280919022876099,0,0,1,0.566666666666667,3,0,0,21.0666666666667,9,6.63333333333333,5,2.3,4
5,32,120,150,1.4858811743048,0.0495293724768266,0.0937670199310711,0,0,2382.82650373127,1603.64539570005,3,17.0666666666667,6,5.86666666666667,3,6.76666666666667,0.0361090774044078,2,1.03333333333333,3,2.03333333333333,3,0,0,21.7,9,6.33333333333333,8,1.96666666666667,3
6,32,150,180,1.71577020558267,0.0571923401860891,0.105406977765642,0,0,3201.8615530516,1866.13658555998,3,11.6,9,6.36666666666667,5,12.0333333333333,0.0506215853879286,3,1.93333333333333,3,1.63333333333333,3,0,0,21.0666666666667,10,7.4,7,1.53333333333333,2
7,32,180,210,1.98401307203262,0.0661337690677539,0.120871227026714,0,0,4796.25519738076,2417.45140946425,6,9.5,11,8.56666666666667,6,11.9333333333333,0.0539902092372604,8,7.23333333333333,1,0.8,3,0,0,13.7333333333333,7,14.1666666666667,8,2.1,4
8,32,210,240,1.70508796563344,0.0568362655211147,0.10164268528688,0,0,3465.40256715059,2032.38931773423,2,13.3,8,3.86666666666667,6,10.8,0.0401672098232132,5,3,3,3.36666666666667,3,0,0,18.8,7,8.13333333333333,3,3.06666666666667,3
9,32,240,270,2.28667197580545,0.0762223991935149,0.119536779504994,0,0,5834.2746856815,2551.42615443409,2,7.33333333333333,10,5.7,8,16.8,0.0578571461205096,4,2.9,12,8.4,3,0,0,10.2333333333333,9,19.1,8,0.666666666666667,1
10,32,270,300,2.63367335633301,0.0877891118777669,0.130016211696904,0,0,6270.6486626407,2380.95155101984,3,4.83333333333333,12,5.93333333333333,9,19.2333333333333,0.0650316871583153,13,10.1,7,5.2,3,0,0,10.8,9,19.2,10,0,0
1,33,0,30,0.903795394648526,0.0301265131549509,0.0655501324866914,0,0,1643.7295373353,1818.69651811462,0,29.8333333333333,0,0,0,0,0.00981127132941607,0,0,1,0.5,3,0,0,28.9,3,1.1,2,0,0
2,33,30,60,1.25779964118014,0.0419266547060047,0.109011084953123,0,0,1642.01858522216,1305.46911563874,0,29.0333333333333,0,0,0,0,0.00636979700150645,1,0.533333333333333,1,0.266666666666667,3,0,0,29.0333333333333,3,0.966666666666667,2,0,0
3,33,60,90,1.3058040923989,0.0435268030799633,0.122047273465999,0,0,1600.58743491553,1225.74852095545,1,28.1,1,1.9,0,0,0.0150465739809321,1,0.633333333333333,0,0.233333333333333,3,0,0,29.3333333333333,3,0.366666666666667,1,0.3,0
4,33,90,120,1.0910851118392,0.0363695037279734,0.173397152268543,0,0,1645.95730031894,1508.55078348967,2,28,2,1.73333333333333,0,0,0.0120361953294287,1,0.733333333333333,0,0,3,0,0,28.6333333333333,3,0.933333333333333,1,0.433333333333333,1
5,33,120,150,0.909674621861706,0.0303224873953902,0.14727256095026,0,0,1263.85418779435,1389.34752868866,0,29.0333333333333,0,0,0,0,0.0042742604489434,2,1.16666666666667,0,0,3,0,0,28.1666666666667,4,1.83333333333333,3,0,0
6,33,150,180,1.04770938487441,0.0349236461624803,0.093822501199081,0,0,1761.86577013506,1681.63595322405,1,29.4,1,0.0666666666666667,0,0,0.00756327868315809,0,0,2,0.966666666666667,3,0,0,27.3,5,2.7,3,0,0
7,33,180,210,1.25255879149495,0.0417519597164983,0.13096166569809,0,0,2192.66173547775,1750.54596268553,2,25.1333333333333,2,4.86666666666667,0,0,0.0167218982655104,2,1.66666666666667,2,1.36666666666667,3,0,0,25.0666666666667,6,4.93333333333333,5,0,0
8,33,210,240,1.35844788167491,0.0452815960558303,0.102472221079334,0,0,2606.19991946142,1918.51299900301,6,16.8666666666667,6,13.1333333333333,0,0,0.0312258910574471,3,1.76666666666667,3,1.9,3,0,0,26.7666666666667,4,3.23333333333333,3,0,0
9,33,240,270,1.48330501420887,0.0494435004736288,0.0842164234650622,0,0,3610.95885938438,2434.40076369614,5,19.6,7,8.43333333333333,2,1.86666666666667,0.0279270566479166,0,0,3,2.53333333333333,3,0,0,18.6666666666667,10,9.36666666666667,9,1.96666666666667,3
10,33,270,300,1.20086179911668,0.0400287266372228,0.145262000416654,0,0,2661.98316653414,2216.72732740122,2,14.8,5,12.7333333333333,2,2.46666666666667,0.0347974881233846,2,1.03333333333333,4,3.7,3,0,0,18.9333333333333,8,9.53333333333333,5,1.53333333333333,2
1,34,0,30,0.671377408315112,0.0223792469438371,0.0619453729188933,0,0,913.192325235117,1360.17732191327,1,28.7666666666667,1,0.966666666666667,0,0,0.00935937673595814,0,0,0,0,3,0,0,27.4,4,2.23333333333333,3,0.366666666666667,1
2,34,30,60,0.612707615555542,0.0204235871851847,0.047451079015801,0,0,911.214459395687,1487.19297142976,1,28.7666666666667,1,1.23333333333333,0,0,0.0126441745492271,0,0,0,0,3,0,0,29.6333333333333,1,0.366666666666667,1,0,0
3,34,60,90,0.664181405097922,0.0221393801699307,0.0941068355679353,0,0,689.236123085716,1037.72270315833,2,23.9666666666667,2,5.46666666666667,0,0,0.0185413718834338,0,0,0,0,3,0,0,28.4666666666667,5,1.23333333333333,2,0.3,0
4,34,90,120,0.885283538419329,0.0295094512806443,0.0655245437421126,0,0,1054.85482074333,1191.54460120966,4,25.9666666666667,5,4.03333333333333,0,0,0.0176072962833108,0,0,0,0,3,0,0,28.4666666666667,2,1.53333333333333,2,0,0
5,34,120,150,1.07678067901318,0.0358926893004393,0.07220616900542,0,0,1001.02260144315,929.643910736341,2,22.4666666666667,3,6.83333333333333,1,0.7,0.0240962162254289,0,0,0,0,3,0,0,29.4666666666667,2,0.533333333333333,1,0,0
6,34,150,180,1.09960387035259,0.0366534623450863,0.0809620458215867,0,0,1474.44851560814,1340.89062012428,3,16.9,3,8.16666666666667,1,4.93333333333333,0.0346080393807292,0,0,1,0.5,3,0,0,28.1333333333333,5,1.43333333333333,2,0.433333333333333,1
7,34,180,210,1.31553301251437,0.0438511004171457,0.0881227350940372,0,0,2964.28632907508,2253.29680127864,5,16.7666666666667,9,8.1,4,5.13333333333333,0.0345063149463523,1,0.6,3,2.06666666666667,3,0,0,22.6666666666667,7,5.23333333333333,5,2.1,2
8,34,210,240,1.1857981040651,0.0395266034688367,0.0749069905631864,0,0,2987.53253696936,2519.42765528772,3,11.1,9,6.2,6,11.4,0.0463122098446291,0,0,1,0.833333333333333,3,0,0,13.6,6,12.9666666666667,7,3.43333333333333,5
9,34,240,270,1.09621963290133,0.0365406544300445,0.0851117151406319,0,0,1832.54999783582,1671.69966933146,2,15.2,5,4.73333333333333,3,10,0.0407561397741791,0,0,2,1.93333333333333,3,0,0,22.9333333333333,7,6,5,1.06666666666667,1
10,34,270,300,1.39131790541401,0.0463772635138004,0.103111794749487,0,0,2422.80050670433,1741.37089537662,4,16.3,7,8.03333333333333,3,4.86666666666667,0.0332862147209658,0,0,2,1.16666666666667,3,0,0,27.4333333333333,4,2.56666666666667,3,0,0
1,35,0,30,0.954794983364421,0.0318264994454807,0.077676415381579,0,0,1663.74060878824,1742.51084031223,0,30,0,0,0,0,0.0125311952945005,1,0.5,1,0.533333333333333,3,0,0,27.2333333333333,5,2.76666666666667,4,0,0
2,35,30,60,1.15058532740151,0.0383528442467169,0.0664282948076731,0,0,1391.74652666955,1209.59870904375,0,30,0,0,0,0,0.0134639349908279,0,0,1,0.533333333333333,3,0,0,28.4666666666667,3,1.53333333333333,2,0,0
3,35,60,90,1.21381581562395,0.0404605271874652,0.0718085592344535,0,0,1997.67234416466,1645.77880634861,0,30,0,0,0,0,0.0118678423213082,0,0,0,0,3,0,0,28.2333333333333,2,1.76666666666667,2,0,0
4,35,90,120,1.17989852951979,0.039329950983993,0.0622018276754831,0,0,1489.20419198355,1262.14598520573,0,30,0,0,0,0,0.0127153419126225,0,0,0,0,3,0,0,29.9,1,0.1,0,0,0
5,35,120,150,1.17233722241769,0.0390779074139229,0.0702313851691535,0,0,1722.69310002869,1469.45184976385,0,29.7333333333333,0,0,0,0,0.0062630532791023,0,0,1,0.533333333333333,3,0,0,29.1,2,0.9,1,0,0
6,35,150,180,1.55005710449793,0.051668570149931,0.095832104648814,0,0,2437.36872988875,1572.43802361606,0,28.2333333333333,0,0,0,0,0.00372490129488353,1,0.7,0,0,3,0,0,28.1,5,1.16666666666667,2,0.733333333333333,2
7,35,180,210,1.35287057791698,0.045095685930566,0.0776289494902656,0,0,2243.05233293596,1657.99476280251,1,23.4,2,3,1,3.16666666666667,0.017002187682927,0,0,1,0.5,3,0,0,26.3,7,3.7,4,0,0
8,35,210,240,1.39785737070462,0.046595245690154,0.084899182946994,0,0,2859.00584212693,2045.27722358811,2,16.9333333333333,3,8.73333333333333,1,3.8,0.0317343429233994,1,0.566666666666667,2,1,3,0,0,28.3333333333333,4,1.4,2,0.266666666666667,0
9,35,240,270,1.47190029516761,0.0490633431722536,0.0864847860043828,0,0,2325.39431829649,1579.85858548366,2,12.2666666666667,5,7.56666666666667,3,10.1666666666667,0.0496252663897751,2,1.03333333333333,2,1.33333333333333,3,0,0,25.7333333333333,6,3.56666666666667,5,0.7,1
10,35,270,300,1.40371866084106,0.0467906220280353,0.0873374323800414,0,0,3306.47470027549,2355.51096705829,4,13.0333333333333,9,8.36666666666667,4,8.6,0.0468433537612443,0,0,4,2.6,3,0,0,21.6333333333333,9,7.36666666666667,6,1,2
1,36,0,30,0.595900155121485,0.0198633385040495,0.0690006845851258,0,0,750.70349224458,1259.78066257012,0,29.9666666666667,0,0,0,0,0.00675002120168585,0,0,0,0,3,0,0,27.9,5,2.06666666666667,3,0.0333333333333333,0
2,36,30,60,0.653002400545988,0.0217667466848663,0.0964597201399407,0,0,826.959772370042,1266.39622102247,0,30,0,0,0,0,0.00929694924159357,0,0,0,0,3,0,0,30,1,0,0,0,0
3,36,60,90,0.965020705920913,0.0321673568640305,0.0883573107084383,0,0,1147.4721864346,1189.06483497633,1,29.1,2,0.9,0,0,0.0153543827966421,0,0,0,0,3,0,0,28.6333333333333,4,1.3,2,0.0666666666666667,0
4,36,90,120,1.25622248557871,0.0418740828526236,0.0777846046231053,0,0,1486.70652934626,1183.47390403649,3,27.4,2,2.3,0,0,0.0147165742106426,1,0.533333333333333,1,0.566666666666667,3,0,0,29.2,3,0,0,0.8,1
5,36,120,150,1.13875530305613,0.0379585101018709,0.0878503094459981,0,0,1659.84427462517,1457.59520958591,2,28.9666666666667,2,0.933333333333333,0,0,0.013788370537244,2,1.36666666666667,0,0,3,0,0,29.8,2,0.2,0,0,0
6,36,150,180,1.55130044385439,0.0517100147951464,0.136070884477315,0,0,2250.32162878472,1450.60335520406,4,19.5,6,8.1,1,2.4,0.029433347001741,1,0.766666666666667,1,0.733333333333333,3,0,0,27.4,5,2.6,4,0,0
7,36,180,210,1.60258169294574,0.0534193897648579,0.105898408109423,0,0,2230.54848575745,1391.84697764607,4,15.8666666666667,5,10.9666666666667,2,2.86666666666667,0.0346244605076024,3,2.16666666666667,2,1.13333333333333,3,0,0,24.6666666666667,9,5.1,6,0.233333333333333,0
8,36,210,240,1.4973965969729,0.0499132198990965,0.104259339734812,0,0,2665.40253776976,1780.02443918871,3,20.8666666666667,6,6.7,3,1.5,0.0216050609153295,2,1.53333333333333,1,0.633333333333333,3,0,0,22.2666666666667,10,6.5,5,1.23333333333333,1
9,36,240,270,1.696794683242,0.0565598227747334,0.0934623966766974,0,0,3794.70694323178,2236.39723810389,4,5.96666666666667,11,10.2333333333333,7,13.8,0.0576339608657569,4,2.56666666666667,2,1.56666666666667,3,0,0,15.0666666666667,12,11.9333333333333,11,3,4
10,36,270,300,1.33270611277238,0.0444235370924126,0.113971207249342,0,0,2736.5203237499,2053.35617322053,2,20.3666666666667,4,2.63333333333333,2,5.66666666666667,0.0246773594743287,0,0,2,1.2,3,0,0,21.2666666666667,9,6.56666666666667,7,2.16666666666667,2
1,37,0,30,0.891495377016029,0.029716512567201,0.0720627005709652,0,0,2523.82599498657,2831.00289699112,0,29.6666666666667,0,0,0,0,0.00553945088653437,0,0,0,0,3,0,0,29.1666666666667,3,0.833333333333333,1,0,0
2,37,30,60,1.11355024040595,0.037118341346865,0.108925462005668,4.43333333333333,1,2254.54080177644,2024.64219392071,0,27.5,0,0,0,0,0.00536234806733223,1,0.533333333333333,1,1,3,5.73333333333333,2,19.5,6,4.76666666666667,4,0,0
3,37,60,90,0.00363112060687335,0.000121037353562445,0.0185029802589791,23.9,3,0,0,0,30,0,0,0,0,0.00355666817138468,0,0,0,0,3,28.4,2,1.6,1,0,0,0,0
4,37,90,120,0.718574460264002,0.0239524820088001,0.115693691382873,0,0,1316.6767541506,1832.34560502868,0,30,0,0,0,0,0.00686752496985465,1,1.33333333333333,0,0,3,4.2,4,25.8,5,0,0,0,0
5,37,120,150,0.316426105523898,0.0105475368507966,0.124660839259257,15.0333333333333,3,321.971495039567,1017.52506957821,0,30,0,0,0,0,0.0123086026212586,0,0,2,1.13333333333333,3,19.8,4,9.6,6,0.6,1,0,0
6,37,150,180,0.460529483863013,0.0153509827954338,0.102041647528184,10.8,1,586.249110838143,1272.98931204267,0,30,0,0,0,0,0.00732285114438114,1,0.366666666666667,0,0,3,17.8,5,11.7333333333333,6,0.466666666666667,1,0,0
7,37,180,210,0.694544094978137,0.0231514698326046,0.126317967471098,5.46666666666667,1,757.483341482723,1090.61951135956,0,25.4666666666667,1,2.03333333333333,1,2.5,0.018571397860088,2,1.76666666666667,0,0,3,7.86666666666667,1,22.1,2,0.0333333333333333,0,0,0
8,37,210,240,0.933806140323621,0.0311268713441207,0.195651778103501,3.33333333333333,1,1745.95872161791,1869.72289667407,2,27.9,2,1.76666666666667,0,0.333333333333333,0.01343133253131,4,4.23333333333333,1,0.533333333333333,3,7.7,4,20.2666666666667,7,2.03333333333333,2,0,0
9,37,240,270,1.06814554942896,0.0356048516476319,0.177668185843901,0,0,1730.41639700755,1620.01929225156,0,30,0,0,0,0,0.00848360101124597,3,1.96666666666667,0,0,3,1.13333333333333,2,27.7333333333333,4,1.13333333333333,2,0,0
10,37,270,300,0.519540128456214,0.0173180042818738,0.119674638760634,9.06666666666667,1,616.335242616942,1186.30921628393,0,29.8333333333333,0,0,0,0,0.00719393256828799,0,0.333333333333333,0,0,3,10.9666666666667,1,18.0666666666667,3,0.966666666666667,1,0,0
1,38,0,30,0.922199132391189,0.0307399710797063,0.0838669761137968,0,0,2382.41941051338,2583.41103004072,0,19.3666666666667,4,7.6,3,3.03333333333333,0.0335162839736875,0,0,3,2.16666666666667,3,0,0,22.7666666666667,10,6.83333333333333,9,0.4,1
2,38,30,60,1.28833249018478,0.0429444163394928,0.0899397534955842,0,0,2200.23286607128,1707.81446779759,5,4.4,13,14.1666666666667,9,11.4333333333333,0.0574631357321424,0,0,1,0.6,3,0,0,17.9,10,10.2333333333333,11,1.86666666666667,3
3,38,60,90,1.03042572933455,0.0343475243111516,0.101525328959092,0,0,1399.77057337419,1358.43907379736,5,15.6666666666667,6,11.2333333333333,1,3.1,0.0361955162314763,1,0.733333333333333,0,0,3,0,0,26.7666666666667,7,1.63333333333333,2,1.6,2
4,38,90,120,1.3707614183276,0.0456920472775867,0.0752567892055822,0,0,2014.67338722936,1469.74766016348,4,16.7333333333333,9,8.76666666666667,4,4.5,0.0356432870378869,1,0.6,0,0,3,0,0,24.3,8,2.66666666666667,4,3.03333333333333,4
5,38,120,150,1.50873395885409,0.050291131961803,0.0843693398934026,0,0,2632.18798896902,1744.63362047489,3,22.3666666666667,3,5.76666666666667,1,1.83333333333333,0.023005725536936,0,0,1,0.833333333333333,3,0,0,20.7666666666667,11,6.73333333333333,7,2.5,4
6,38,150,180,1.75146930715361,0.0583823102384535,0.0951172889906164,0,0,3021.7850455928,1725.28575479501,6,16.5666666666667,8,12.3666666666667,2,1.06666666666667,0.0322704752767335,2,1.23333333333333,2,1.3,3,0,0,22.1666666666667,7,7.2,4,0.633333333333333,1
7,38,180,210,1.96584731647626,0.0655282438825422,0.0987592555945478,0,0,2672.3670587448,1359.39705812705,2,5.83333333333333,10,13.8666666666667,8,10.0666666666667,0.0538037497547376,8,5.7,1,0.5,3,0,0,18.4,13,8.33333333333333,8,3.26666666666667,4
8,38,210,240,1.60660989984223,0.0535536633280744,0.0898391945086774,0,0,2534.78727180817,1577.72417066338,2,23.3666666666667,3,2.13333333333333,1,3.7,0.0226338448818784,3,2.03333333333333,3,1.36666666666667,3,0,0,17.9,9,4.46666666666667,6,7.63333333333333,9
9,38,240,270,1.7657161718119,0.0588572057270635,0.0961798206507933,0,0,3755.92877637512,2127.14185684834,1,22.5333333333333,3,2.23333333333333,2,3.6,0.0179920717986066,0,0,3,2.53333333333333,3,0,0,10.3666666666667,10,9.66666666666667,10,9.96666666666667,11
10,38,270,300,1.7731515424308,0.05910505141436,0.121293828169723,0,0,2459.9368023209,1387.32462705844,3,17.7,8,6.8,5,5.2,0.0342852802326964,3,1.7,1,0.833333333333333,3,0,0,17.0333333333333,8,9.5,9,3.46666666666667,4
1,39,0,30,0.924529268530923,0.0308176422843641,0.0658931284307841,0,0,491.236929686736,531.337347996902,0,29.8,0,0,0,0,0.00585451075478206,0,0,2,1.26666666666667,3,0,0,28.7666666666667,5,0.233333333333333,0,1,1
2,39,30,60,0.755512254870603,0.0251837418290201,0.0561386345018368,0,0,474.76579953216,628.402512959203,0,28.7,0,0,0,0,0.00289205088068071,0,0,1,0.5,3,0,0,26.9333333333333,7,0,0,3.06666666666667,3
3,39,60,90,0.817401504985344,0.0272467168328448,0.0921158084860009,0,0,642.518224410321,786.049720353575,0,29.8666666666667,0,0,0,0,0.00277025908760957,0,0,2,1.23333333333333,3,0,0,24.1,11,1.53333333333333,2,4.36666666666667,7
4,39,90,120,0.934589351131282,0.0311529783710427,0.0618792612168916,0,0,647.241146398268,692.540681760186,0,29.7333333333333,0,0,0,0,0.00291453558747332,0,0,0,0,3,0,0,19.6,10,1.7,2,8.7,10
5,39,120,150,1.04002593188143,0.0346675310627143,0.091463405924622,0,0,1469.03759474775,1412.50092878956,0,22.2,1,2.3,1,4.73333333333333,0.0231337813568753,1,0.766666666666667,2,1.56666666666667,3,0,0,21.7333333333333,11,2.93333333333333,3,5.33333333333333,6
6,39,150,180,1.482258498336,0.0494086166112,0.121688287094083,0,0,1553.1524950363,1047.82836244817,3,14.2666666666667,5,8.2,2,7.5,0.0409423419202201,3,2,0,0.0333333333333333,3,0,0,28,5,1.2,1,0.8,1
7,39,180,210,1.33295775609316,0.0444319252031054,0.131853820844557,0,0,2053.30329675428,1540.41138015688,4,10.6666666666667,10,11.3333333333333,5,8,0.047039485235764,1,0.8,1,0.566666666666667,3,0,0,22.5,13,5.76666666666667,9,1.73333333333333,3
8,39,210,240,1.71649017416805,0.0572163391389351,0.107879618794752,0,0,3203.55932017047,1866.34294118414,2,8.03333333333333,6,5.66666666666667,4,16,0.0545352392695402,5,3.13333333333333,3,1.7,3,0,0,18.6333333333333,10,9.63333333333333,10,1.73333333333333,3
9,39,240,270,1.70279065761953,0.0567596885873176,0.10287352306611,0,0,2752.93557488957,1616.71991948683,4,12.1333333333333,10,8.53333333333333,7,9.33333333333333,0.0445802404967446,5,3.03333333333333,2,1.03333333333333,3,0,0,17.5,10,9.3,8,3.2,6
10,39,270,300,1.93529771738946,0.0645099239129821,0.134678147324145,0,0,3503.66454087824,1810.40080262398,5,15.9,10,7.43333333333333,5,6.66666666666667,0.0386275625760772,5,4,1,0.933333333333333,3,0,0,17,12,11.7333333333333,11,1.26666666666667,2
1,40,0,30,1.38848984212352,0.0462829947374506,0.181475941047409,0,0,3735.22260646871,2690.13318869958,0,27.6666666666667,0,0,0,0,0.00145034910528682,6,3.83333333333333,5,4.33333333333333,3,1.86666666666667,1,16.1,8,10.5333333333333,9,1.5,4
2,40,30,60,0.0127905862368045,0.00042635287456015,0.0190058554365703,24.1333333333333,1,4.53488692294056,354.548793853684,0,30,0,0,0,0,0.0028436179238991,0,0,0,0,3,28.1666666666667,3,1.83333333333333,2,0,0,0,0
3,40,60,90,0.839275938410974,0.0279758646136991,0.277862467187021,4.26666666666667,0,3818.66619796352,4549.95314794025,0,29.3333333333333,0,0,0,0,0.00289785320055714,5,3.6,3,1.8,3,9.46666666666667,3,9.46666666666667,7,10.7,8,0.366666666666667,1
4,40,90,120,0,0,0.00807581291162209,30,0,0,NA,0,30,0,0,0,0,0.00373792173661285,0,0,0,0,3,24.1666666666667,3,5.83333333333333,3,0,0,0,0
5,40,120,150,0.276039565558865,0.00920131885196218,0.152955687562788,21.0666666666667,1,675.085109966535,2445.60995667331,0,30,0,0,0,0,0.00437793417666889,2,1.4,2,1.26666666666667,3,23.3,2,5.03333333333333,3,1.66666666666667,1,0,0
6,40,150,180,0.017414138825456,0.000580471294181868,0.024682835076812,23.9666666666667,1,9.27753607298173,532.758821206812,0,30,0,0,0,0,0.00440520579096667,0,0,0,0,3,23.1,2,6.9,1,0,0,0,0
7,40,180,210,0.438190225236912,0.0146063408412304,0.115469785009032,15.4,0,921.87552952547,2103.82495188488,0,30,0,0,0,0,0.00513132769770292,2,1.26666666666667,1,0.533333333333333,3,17.7666666666667,3,9.6,4,2.63333333333333,2,0,0
8,40,210,240,0.785210915510376,0.0261736971836792,0.230861273086668,7,2,1511.36992596634,1924.79484952647,0,30,0,0,0,0,0.00831144589557185,3,2.83333333333333,2,1.16666666666667,3,8,2,17.9333333333333,8,4.06666666666667,5,0,0
9,40,240,270,0.36815468136973,0.0122718227123243,0.241490466462545,10.6666666666667,2,742.193880966686,2015.98382018485,0,30,0,0,0,0,0.00391782617733094,1,1.36666666666667,2,1.03333333333333,3,13.1666666666667,3,14.7333333333333,5,2.1,2,0,0
10,40,270,300,0.492387542330339,0.016412918077678,0.208739245046239,17.7,1,1100.32673415767,2234.67622464638,0,30,0,0,0,0,0.00445966876190109,2,2.66666666666667,0,0,3,20.5333333333333,2,7.63333333333333,4,1.83333333333333,2,0,0
1,41,0,30,0.964000498929234,0.0321333499643078,0.175565224039965,14.3666666666667,3,2835.4540683476,2941.34087222681,0,28.7,0,0,0,0,0.00161752341542128,7,5.43333333333333,2,1.4,3,18.2,1,8.3,5,3.13333333333333,3,0.366666666666667,1
2,41,30,60,0.702327670270594,0.0234109223423531,0.17896900006337,16.4,1,1267.69130028099,1804.98555580556,0,28.5666666666667,0,0,0,0,0.00241339466091783,5,3.7,1,0.933333333333333,3,17.9333333333333,1,9.2,4,2.2,1,0.666666666666667,1
3,41,60,90,0.0741829208475094,0.00247276402825031,0.108348587797688,27.0333333333333,1,216.906518607881,2923.9414696781,0,30,0,0,0,0,0.00353748845227081,0,0,0,0,3,28.4333333333333,1,1.56666666666667,1,0,0,0,0
4,41,90,120,0.38498503575548,0.0128328345251827,0.0938148159598404,6.23333333333333,2,1206.1602786426,3133.0056148174,0,29.7333333333333,0,0,0,0,0.00272282237907798,0,0,1,0.966666666666667,3,16.3666666666667,5,13.1,4,0.533333333333333,1,0,0
5,41,120,150,0.361437065806835,0.0120479021935612,0.0813714510101068,2.33333333333333,1,434.871484017097,1203.17345717251,0,30,0,0,0,0,0.00454751830850726,1,0.666666666666667,0,0,3,8.8,4,20.7333333333333,6,0,0,0.466666666666667,1
6,41,150,180,1.10169553367842,0.0367231844559475,0.112742554406832,0,0,2967.13002174049,2693.23958483667,1,20.2,5,6.83333333333333,4,2.96666666666667,0.0280780142426072,1,0.766666666666667,4,2.43333333333333,3,3.53333333333333,2,18.4333333333333,10,6.4,7,1.63333333333333,3
7,41,180,210,0.919193609174501,0.0306397869724834,0.104662314808122,0,0,1228.89196869066,1336.92396947178,2,13.1,5,6.16666666666667,2,10.7333333333333,0.0486744917938564,0,0,3,1.76666666666667,3,0,0,26.0666666666667,8,2.66666666666667,3,1.26666666666667,2
8,41,210,240,0.978739817480378,0.0326246605826793,0.13913440289781,0,0,1750.04165737025,1788.05605546475,2,12.8,4,3.73333333333333,3,13.4666666666667,0.0515602831790322,1,0.533333333333333,0,0,3,0,0,25.6333333333333,6,1.63333333333333,2,2.73333333333333,2
9,41,240,270,2.17102136652961,0.0723673788843204,0.13041513207471,0,0,4896.56844066912,2255.42157998026,2,5.2,8,8.16666666666667,5,16.6333333333333,0.0644490009268981,13,9.1,5,4.33333333333333,3,0,0,22.2,6,7.46666666666667,6,0.333333333333333,1
10,41,270,300,1.44958136385325,0.0483193787951083,0.142261834256711,0,0,3356.73030424865,2315.65498008739,5,20.7333333333333,7,6.36666666666667,3,2.9,0.0257572648091583,8,6.96666666666667,5,4.4,3,5,2,19.6333333333333,6,3.5,3,1.86666666666667,1
1,42,0,30,2.86427793173711,0.0954759310579038,0.174803449246605,0,0,4871.57573060841,1700.80412819922,0,30,0,0,0,0,0.00531603639250511,21,16.6,3,2.4,3,0,0,20.2,12,8.23333333333333,7,1.56666666666667,2
2,42,30,60,2.35765673560326,0.0785885578534421,0.174244655868741,0,0,3204.25739385594,1359.08563170713,0,29.9,0,0,0,0,0.0036966192308265,16,12.4666666666667,0,0,3,0,0,26.5,6,2.06666666666667,4,1.43333333333333,1
3,42,60,90,2.69190124017075,0.089730041339025,0.157750654012021,0,0,3255.40364726422,1209.33249655835,0,29.8,0,0,0,0,0.00279826145003214,16,11.5,0,0,3,0,0,19.5,15,3.43333333333333,5,7.06666666666667,9
4,42,90,120,2.17744837073358,0.072581612357786,0.184485249200735,0,0,2808.46118098516,1289.79461406885,0,29.8333333333333,0,0,0,0,0.00371482563907939,8,5.8,0,0,3,0,0,24.8333333333333,10,1.73333333333333,4,3.43333333333333,7
5,42,120,150,2.2799805560778,0.0759993518692601,0.119272533632679,0,0,2403.29940316909,1054.08767489817,0,28.6,0,0,0,0,0.00293986309411631,21,15.9333333333333,0,0,3,0,0,25.5333333333333,10,0.666666666666667,1,3.8,5
6,42,150,180,2.1860962783275,0.0728698759442501,0.197350021630594,0,0,3116.8617154601,1425.76598586257,0,29.9666666666667,0,0,0,0,0.00466652055171498,12,10.5,2,1.36666666666667,3,0,0,25.9666666666667,8,3.06666666666667,5,0.966666666666667,2
7,42,180,210,1.90393285403123,0.0634644284677076,0.103907763347371,0,0,2429.87805108712,1276.24146300239,0,29.6333333333333,0,0,0,0,0.003382486101372,9,5.8,1,0.233333333333333,3,0,0,26.6333333333333,7,2.3,3,1.06666666666667,1
8,42,210,240,1.73260361944366,0.0577534539814555,0.12121136291461,0,0,2238.7958461924,1292.15697177827,0,29.7333333333333,0,0,0,0,0.00950975863476644,2,1.2,0,0.333333333333333,3,0,0,25.1,9,3.63333333333333,6,1.26666666666667,3
9,42,240,270,1.79775994043759,0.0599253313479196,0.120821444782442,0,0,3274.57286949147,1821.47393310723,0,30,0,0,0,0,0.00714653906851683,0,0,3,2.66666666666667,3,0,0,22.1333333333333,13,5.53333333333333,6,2.33333333333333,4
10,42,270,300,1.91800907730214,0.0639336359100713,0.124815266305037,0,0,3928.46738287435,2048.20062082298,0,29.5333333333333,0,0,0,0,0.0060669284924449,8,5.66666666666667,7,5.2,3,0,0,22.6333333333333,9,5.5,5,1.86666666666667,2
1,43,0,30,1.71224795479411,0.0570749318264703,0.123931835886572,0,0,2615.0647645097,1527.26990106065,0,29.9,0,0,0,0,0.00485113622118855,6,5.23333333333333,2,1.36666666666667,3,0,0,28.6,3,1.4,2,0,0
2,43,30,60,1.4237446996118,0.0474581566537265,0.146626376730264,0,0,2449.74062695179,1720.63195572896,0,30,0,0,0,0,0.00481554536900724,2,1.1,1,0.5,3,0,0,27.8,4,2.2,3,0,0
3,43,60,90,1.42805033491457,0.0476016778304858,0.0893604319823381,0,0,1686.87706222029,1181.24482098259,0,29.4,0,0,0,0,0.00444235092787715,0,0,0,0,3,0,0,29.2,2,0.8,1,0,0
4,43,90,120,1.40175350859095,0.0467251169530317,0.0876307417558838,0,0,1195.45428090962,852.827742954103,0,29.1,0,0,0,0,0.00490490740757738,1,1.03333333333333,0,0,3,0,0,29.5333333333333,2,0.466666666666667,1,0,0
5,43,120,150,1.20394530841035,0.040131510280345,0.0719142771741184,0,0,1162.79791831724,965.822874340163,2,25.8666666666667,4,2.6,1,1.1,0.0195363211926402,0,0,0,0,3,0,0,27.6,5,1.03333333333333,2,1.36666666666667,2
6,43,150,180,1.52482622472882,0.0508275408242942,0.0823253141723293,0,0,2181.68705361101,1430.77749990757,4,12.9,8,7.33333333333333,5,9.76666666666667,0.0462960491954832,0,0,2,1.03333333333333,3,0,0,25.3,6,3.2,4,1.5,2
7,43,180,210,1.50240493052811,0.050080164350937,0.0910004730133478,0,0,2308.46199686088,1536.51119611904,3,11.5,9,9.03333333333333,6,9.33333333333333,0.0455714078504519,0,0,2,1.33333333333333,3,0,0,24.3333333333333,4,5.06666666666667,3,0.6,1
8,43,210,240,1.9071224932825,0.0635707497760833,0.109697917812764,0,0,3520.37727406288,1845.9104155411,3,5.6,11,6.7,7,17.5,0.0605087389696929,8,6.5,3,1.16666666666667,3,0,0,22.4666666666667,9,5.5,7,2.03333333333333,2
9,43,240,270,1.52544161671801,0.0508480538906004,0.084448337738543,0,0,3940.85657685611,2583.42012809043,5,15.6333333333333,8,5.06666666666667,3,9.3,0.0388634472686844,2,1.1,5,4.56666666666667,3,0,0,15.6666666666667,7,11,7,3.33333333333333,4
10,43,270,300,2.22125294611119,0.0740417648703731,0.127008375490422,0,0,4397.90718966161,1979.92182626528,7,7.16666666666667,11,6.13333333333333,5,16.0666666666667,0.0570010802344352,10,8.63333333333333,7,4.26666666666667,3,0,0,21.6333333333333,10,4,8,4.36666666666667,7
1,44,0,30,2.15028077766361,0.0716760259221204,0.302858672714707,0,0,5430.63659823682,2525.54766551812,0,29.1666666666667,0,0,0,0,0.00369285063855929,23,20.4333333333333,3,2,3,0,0,11.8666666666667,5,11.6,10,6.53333333333333,6
2,44,30,60,1.3904510685761,0.0463483689525367,0.243987452020925,9.16666666666667,1,2560.05197321892,1841.16653298743,0,28.6,0,0,0,0,0.00207216539910363,16,12.5333333333333,0,0,3,9.26666666666667,2,2.43333333333333,3,4.26666666666667,8,14.0333333333333,9
3,44,60,90,0,0,0.00267559039205218,30,0,0,NA,0,30,0,0,0,0,0.00251332364215389,0,0,0,0,3,29.4666666666667,2,0.533333333333333,0,0,0,0,0
4,44,90,120,0,0,0.00659546979377292,30,0,0,NA,0,30,0,0,0,0,0.00472981019137198,0,0,0,0,3,28.1333333333333,4,1.86666666666667,3,0,0,0,0
5,44,120,150,0,0,0.00639611436079133,30,0,0,NA,0,30,0,0,0,0,0.00439869640582984,0,0,0,0,3,20.1666666666667,4,9.83333333333333,3,0,0,0,0
6,44,150,180,0,0,0.00555462531231528,30,0,0,NA,0,30,0,0,0,0,0.0040902096244028,0,0,0,0,3,24.4333333333333,9,5.56666666666667,8,0,0,0,0
7,44,180,210,0,0,0.00509631749711762,30,0,0,NA,0,30,0,0,0,0,0.00365544921263119,0,0,0,0,3,23.6666666666667,10,6.33333333333333,7,0,0,0,0
8,44,210,240,0,0,0.00651860950075053,30,0,0,NA,0,30,0,0,0,0,0.003778391475311,0,0,0,0,3,0.666666666666667,1,29.3333333333333,1,0,0,0,0
9,44,240,270,1.72678640774099,0.0575595469246997,0.27415881447435,2.1,1,4701.02897949487,2722.41486174589,0,29.2333333333333,0,0,0,0,0.00271848314226321,14,10.1,6,4.2,3,2.9,1,4.86666666666667,4,11.5666666666667,13,10.6666666666667,13
10,44,270,300,0,0,0.00582715421657107,30,0,0,NA,0,30,0,0,0,0,0.0017688849537275,0,0,0,0,3,30,1,0,0,0,0,0,0
1,45,0,30,2.63173979287857,0.0877246597626192,0.194556926800793,0,0,10115.4850338742,3843.64938404871,0,28.3,0,0,0,0,0.00354722135462557,17,11.6666666666667,15,11.1,3,0,0,1.7,3,26.3,5,2,3
2,45,30,60,1.96962217631236,0.0656540725437454,0.127084234225787,0,0,6372.83902859274,3235.56421390641,0,29.6333333333333,0,0,0,0,0.00329891718865237,2,1.2,8,5.5,3,0,0,7.9,7,21.2666666666667,11,0.833333333333333,1
3,45,60,90,1.63736665355927,0.0545788884519757,0.14969747995108,0,0,4164.41784534466,2543.36304962126,0,29.9666666666667,0,0,0,0,0.00473347892818594,4,3.03333333333333,6,3.76666666666667,3,2.03333333333333,1,15.2,10,11.5333333333333,11,1.23333333333333,2
4,45,90,120,2.36052396637707,0.078684132212569,0.140920614579701,0,0,5243.54134858138,2221.34637193672,0,30,0,0,0,0,0.0045431996474748,16,11.6666666666667,0,0,3,0,0,22.7666666666667,6,6.5,5,0.733333333333333,1
5,45,120,150,2.11554159215578,0.0705180530718593,0.151510529428875,0,0,3307.54513582927,1563.45077217736,0,29.8333333333333,0,0,0,0,0.00603326272809913,13,8.83333333333333,0,0,3,0,0,28.7666666666667,3,1.23333333333333,2,0,0
6,45,150,180,2.29614030727807,0.0765380102426022,0.139632578504383,0,0,3435.90954769171,1496.38484059573,0,29.7333333333333,0,0,0,0,0.00482666651089189,7,4.76666666666667,0,0,3,0,0,24.6333333333333,10,5.16666666666667,8,0.2,0
7,45,180,210,1.99021374942251,0.0663404583140836,0.126281333198668,0,0,4088.51817973294,2054.31109141884,0,30,0,0,0,0,0.00684712091151136,6,4.23333333333333,1,0.533333333333333,3,0,0,23.3,7,6.53333333333333,7,0.166666666666667,0
8,45,210,240,2.07938070523482,0.0693126901744941,0.130281601115961,0,0,2786.53240794481,1340.07803425786,0,30,0,0,0,0,0.00659087448897716,11,8.76666666666667,0,0,3,0,0,27.1,6,2.4,4,0.5,0
9,45,240,270,2.2828746818569,0.0760958227285632,0.162186650995446,0,0,3471.7850141544,1520.79526824067,0,30,0,0,0,0,0.00671882971869574,19,14.7,0,0,3,0,0,25.1,8,3.06666666666667,6,1.83333333333333,3
10,45,270,300,2.33507761365441,0.077835920455147,0.161314814845104,0,0,4062.46686315594,1739.75667421099,0,29.5333333333333,0,0,0,0,0.00544282366479349,11,11.6666666666667,2,1,3,0,0,20.8333333333333,9,8.83333333333333,10,0.333333333333333,1
1,46,0,30,1.90879477255415,0.0636264924184718,0.116739098785514,0,0,3323.26644635866,1741.02868162815,0,30,0,0,0,0,0.00964547903037012,7,5.43333333333333,0,0,3,0,0,29.2,2,0.8,1,0,0
2,46,30,60,1.91488142275582,0.0638293807585274,0.116226527180143,0,0,3199.21422734005,1670.71140245116,0,30,0,0,0,0,0.0101074700662586,8,5.66666666666667,2,1.66666666666667,3,0,0,27.4666666666667,6,2.53333333333333,3,0,0
3,46,60,90,2.04820192768987,0.0682733975896624,0.144148295709256,0,0,4090.28016644566,1997.01021229826,3,27.1,3,2.9,0,0,0.0176605759482834,3,1.76666666666667,6,4.86666666666667,3,0,0,24.8,5,5,5,0.2,0
4,46,90,120,2.75665322540597,0.0918884408468656,0.201232711468345,0,0,5674.2090748584,2058.36883020452,10,13.0666666666667,13,15.6,3,1.33333333333333,0.0358248265945065,18,16.0666666666667,5,4.33333333333333,3,0,0,17.9666666666667,12,12.0333333333333,11,0,0
5,46,120,150,2.95089201379463,0.0983630671264878,0.216385386945141,0,0,6507.32992844275,2205.20774668226,10,14.8333333333333,14,13.2666666666667,4,1.9,0.0348097337572039,16,23.3,8,10.3666666666667,3,0,0,15.9666666666667,10,13.1666666666667,10,0.866666666666667,2
6,46,150,180,2.31415507065968,0.0771385023553225,0.166701411541046,0,0,4039.84669465009,1745.71131635465,4,25.2333333333333,7,3.03333333333333,2,1.06666666666667,0.0175081369541203,10,9.03333333333333,5,2.66666666666667,3,0,0,24.3333333333333,5,5.53333333333333,6,0.133333333333333,0
7,46,180,210,2.83110351901351,0.0943701173004502,0.23021176304569,0,0,7451.18482098786,2631.90122542189,9,14.5,13,13.5333333333333,5,1.8,0.0365426975224112,9,18.6,6,4.8,3,0,0,16.1333333333333,13,13.4666666666667,11,0.4,1
8,46,210,240,2.63390305282679,0.0877967684275598,0.159429589726647,0,0,6325.31741095742,2401.49970750399,5,24.9333333333333,8,3.56666666666667,3,1.3,0.0210487625858877,12,10.4,12,9.93333333333333,3,0,0,17.4,7,11.5333333333333,9,1.06666666666667,2
9,46,240,270,2.84602105339735,0.0948673684465785,0.254350478067761,0,0,6399.78234500241,2248.67709160579,12,19.4,15,9.86666666666667,3,0.533333333333333,0.0272768596290327,8,19.1333333333333,8,6.33333333333333,3,0,0,12.4666666666667,9,16.6,11,0.933333333333333,2
10,46,270,300,3.04023095889061,0.10134103196302,0.227026380495268,0,0,7916.87447974136,2604.03718888194,8,14.9333333333333,16,10.0333333333333,8,3.26666666666667,0.0321554811482441,13,25.6666666666667,9,10.1666666666667,3,0,0,11.6,10,15.9666666666667,8,2.43333333333333,2
1,47,0,30,2.45794354507841,0.0819314515026136,0.26804875853478,0,0,8292.19857761167,3373.6326427087,0,27.2333333333333,0,0,0,0,0.00345815110871866,22,18.8333333333333,15,11.8666666666667,3,0,0,1.86666666666667,2,27.7,4,0.433333333333333,1
2,47,30,60,1.55637688501234,0.0518792295004114,0.249275751658425,9.3,1,5192.2652784265,3336.12335702694,0,29.8,0,0,0,0,0.00447000580853787,14,12.1333333333333,10,8.46666666666667,3,11.2333333333333,1,3.36666666666667,4,15.4,4,0,0
3,47,60,90,0,0,0.00312597416792271,30,0,0,NA,0,30,0,0,0,0,0.00241709901483037,0,0,0,0,3,30,1,0,0,0,0,0,0
4,47,90,120,0,0,0.0041928711638753,29.6,1,0,NA,0,30,0,0,0,0,0.00252438431334276,0,0,0,0,3,30,1,0,0,0,0,0,0
5,47,120,150,0,0,0.00400546256784673,30,0,0,NA,0,30,0,0,0,0,0.00242623092307184,0,0,0,0,3,30,1,0,0,0,0,0,0
6,47,150,180,0.78419147473062,0.026139715824354,0.198831527539971,11.3333333333333,1,3134.89278122508,3997.61140262581,0,29.9666666666667,0,0,0,0,0.00315130945038377,2,1.6,5,3.53333333333333,3,16.6666666666667,3,2.8,2,10.5333333333333,2,0,0
7,47,180,210,0,0,0.00207720016429976,30,0,0,NA,0,30,0,0,0,0,0.00154862124539457,0,0,0,0,3,30,1,0,0,0,0,0,0
8,47,210,240,0,0,0.00233401182450569,30,0,0,NA,0,30,0,0,0,0,0.00154258924084299,0,0,0,0,3,30,1,0,0,0,0,0,0
9,47,240,270,0,0,0.00196141909265569,30,0,0,NA,0,30,0,0,0,0,0.00180709734745392,0,0,0,0,3,30,1,0,0,0,0,0,0
10,47,270,300,0,0,0.00465453640611884,30,0,0,NA,0,30,0,0,0,0,0.00226747521778894,0,0,0,0,3,30,1,0,0,0,0,0,0
1,48,0,30,1.85883053140799,0.0619610177135998,0.192953536861392,7.1,1,3569.97665478837,1920.54982660751,0,29.6666666666667,0,0,0,0,0.00176241586224676,13,11.8,1,0.6,3,8.83333333333333,1,10.7,10,9.9,9,0.566666666666667,1
2,48,30,60,0,0,0.00580373130943231,30,0,0,NA,0,30,0,0,0,0,0.000876045922810768,0,0,0,0,3,21.3333333333333,3,8.66666666666667,3,0,0,0,0
3,48,60,90,0.744501733014856,0.0248167244338285,0.238287046227135,19.1,0,2083.25465450727,2798.18644084432,0,28.4333333333333,0,0,0,0,0.00181104292000346,5,4.3,1,0.566666666666667,3,18,3,6.2,5,4.16666666666667,4,1.63333333333333,3
4,48,90,120,0.322787740255839,0.0107595913418613,0.128871590157259,23.8,1,847.212777225021,2624.67458198235,0,29.9666666666667,0,0,0,0,0.00202757062027627,2,1.16666666666667,1,0.7,3,24.9666666666667,1,2.9,2,2.06666666666667,2,0.0666666666666667,0
5,48,120,150,1.16007660814991,0.0386692202716636,0.126048574389085,10.4,0,3082.77492326777,2657.38909103958,1,28.2666666666667,2,1.23333333333333,1,0.366666666666667,0.00750998667093147,4,2.8,2,1.03333333333333,3,10.6333333333333,1,12.7333333333333,5,6.4,5,0.233333333333333,0
6,48,150,180,1.77354071277637,0.0591180237592123,0.114983772868039,0,0,4044.47318084789,2280.45127563862,1,29.2333333333333,1,0.1,0,0,0.00648327239964739,3,2.03333333333333,6,4.56666666666667,3,0,0,19.0333333333333,13,7.06666666666667,7,3.9,5
7,48,180,210,1.35379290813325,0.0451264302711083,0.0932979577938575,0,0,2818.44824137179,2081.8902392229,1,25.6,3,3.13333333333333,1,1.13333333333333,0.0163884507066923,1,0.666666666666667,3,2.3,3,0,0,22.1666666666667,6,4.5,5,3.33333333333333,5
8,48,210,240,2.01070750237546,0.0670235834125155,0.239254461085306,0,0,7257.31290536083,3609.33298194143,7,21.6666666666667,10,5.36666666666667,3,2.83333333333333,0.0240684339452248,7,5.5,11,9.03333333333333,3,0,0,7.46666666666667,6,21.4666666666667,9,1.06666666666667,1
9,48,240,270,2.78487542763873,0.0928291809212909,0.173601231278866,0,0,9088.38091505275,3263.47843959351,11,21.7666666666667,15,6.43333333333333,5,1.8,0.024605725361785,19,15.9666666666667,13,14.5333333333333,3,0,0,5.1,7,24.5,8,0.4,1
10,48,270,300,2.78606757532383,0.0928689191774608,0.197067002518039,0,0,8256.40589475017,2963.46218156267,9,21.9333333333333,16,5.16666666666667,6,2.9,0.0240485338432548,19,16.7,11,12.1666666666667,3,0,0,5.93333333333333,6,21.8333333333333,6,2.23333333333333,3
1,49,0,30,1.1626003402885,0.0387533446762832,0.0888415114722922,0,0,1557.97646312687,1340.0791390963,0,28.5666666666667,0,0,0,0,0.0045101631379984,1,0.7,1,0.566666666666667,3,0,0,27.7666666666667,5,2.23333333333333,3,0,0
2,49,30,60,1.46254170353893,0.0487513901179644,0.11710664672635,0,0,2649.81954453963,1811.79075996795,1,28.0666666666667,1,0.6,0,0,0.00787410104342073,9,5.4,4,2.6,3,0,0,22.4333333333333,9,6,5,1.56666666666667,3
3,49,60,90,1.398425056078,0.0466141685359332,0.150155484264416,0,0,3568.74205359529,2551.97233350791,5,25.2333333333333,6,2.86666666666667,1,1.9,0.0187756785018781,3,1.93333333333333,5,3.06666666666667,3,0.266666666666667,0,15.9,8,11.7,9,2.13333333333333,4
4,49,90,120,2.19064974092023,0.0730216580306742,0.158789682857875,0,0,3999.54932081004,1825.73655938715,5,17,12,6.93333333333333,7,6.06666666666667,0.0361341367751195,4,2.56666666666667,5,4.03333333333333,3,0,0,19.3,7,10.2,7,0.5,1
5,49,120,150,2.03010045142319,0.0676700150474396,0.151298499057269,0,0,4912.52339079679,2419.84251929647,6,18.7666666666667,14,7.5,8,3.73333333333333,0.0311924327703108,12,10.1333333333333,8,6.36666666666667,3,0,0,14,9,15.1666666666667,8,0.833333333333333,1
6,49,150,180,2.08633460251765,0.0695444867505884,0.105462452137393,0,0,4384.37231907196,2101.47131422792,3,13.5333333333333,11,6.63333333333333,8,9.83333333333333,0.0429382381977792,12,8.9,9,6.26666666666667,3,0,0,18.0666666666667,7,10.2666666666667,6,1.66666666666667,2
7,49,180,210,2.28598954093563,0.0761996513645211,0.140363262942468,0,0,6002.78892432419,2625.9039321183,5,9.6,16,11.6333333333333,11,8.73333333333333,0.0471905220011342,14,9.1,7,5.46666666666667,3,0,0,11.7,7,17.6666666666667,8,0.633333333333333,1
8,49,210,240,2.00694362331353,0.0668981207771178,0.108546365546897,0,0,5878.70503177695,2929.18294439731,4,12.4333333333333,11,8.63333333333333,7,8.93333333333333,0.0435851715985316,5,2.7,9,7.33333333333333,3,0,0,11.0333333333333,8,18.1333333333333,9,0.833333333333333,1
9,49,240,270,1.9476119048254,0.0649203968275133,0.138367237368919,0,0,6303.81823185358,3236.69115814873,2,16.2333333333333,10,6.93333333333333,7,6.63333333333333,0.0361523085589237,7,4.46666666666667,7,6.7,3,0,0,10.3666666666667,6,19.1666666666667,7,0.466666666666667,1
10,49,270,300,2.18016988311596,0.0726723294371987,0.130258387865018,0,0,5206.78985966975,2388.24960384649,7,9.1,15,13.4333333333333,9,7.46666666666667,0.047098283826785,12,8.76666666666667,9,7.03333333333333,3,0,0,12.0666666666667,10,14.9666666666667,9,2.96666666666667,5
1,50,0,30,2.4659019434154,0.0821967314471801,0.190767232866057,0,0,5318.10742363478,2156.65810955521,0,29.7333333333333,0,0,0,0,0.00548949139817318,16,12.1666666666667,2,1.16666666666667,3,0,0,19.8333333333333,8,10.1666666666667,7,0,0
2,50,30,60,2.56010110378527,0.0853367034595091,0.170401975243722,0,0,4966.24436485514,1939.86259273598,0,29.9,0,0,0,0,0.00521474027807353,19,14.5666666666667,1,0.5,3,0,0,22.3,9,6.4,7,1.3,3
3,50,60,90,2.39475522503927,0.0798251741679757,0.170614504956354,0,0,4959.74581114569,2071.08674794283,0,30,0,0,0,0,0.00575625896635511,20,15.6333333333333,2,1,3,0,0,21.8666666666667,10,8.13333333333333,9,0,0
4,50,90,120,2.06387699583706,0.0687958998612353,0.182458254728304,0,0,4317.8560925514,2092.10922029788,0,30,0,0,0,0,0.00594326539870592,8,5.36666666666667,1,0.533333333333333,3,0,0,24.3333333333333,6,5.66666666666667,4,0,0
5,50,120,150,2.35751292311636,0.0785837641038787,0.173270286143844,0,0,5351.43268335082,2269.94839810967,0,30,0,0,0,0,0.00553434381419655,14,8.96666666666667,0,0,3,0,0,19.7666666666667,16,10.2333333333333,12,0,0
6,50,150,180,2.1240668687989,0.0708022289599633,0.208061321062657,0,0,4909.48190439586,2311.35939104028,0,30,0,0,0,0,0.00476971910494214,12,8.6,2,1.13333333333333,3,0,0,27.6,4,1.8,4,0.6,1
7,50,180,210,2.09476270284346,0.0698254234281153,0.177517897443504,0,0,4273.86772695457,2040.26342513792,1,29.4666666666667,1,0.266666666666667,0,0,0.00868999167076628,15,9.46666666666667,1,1.1,3,0,0,21.3666666666667,10,8.03333333333333,8,0.6,1
8,50,210,240,2.43499977839,0.0811666592796667,0.232948133301166,0,0,6362.8616835098,2613.08511810907,2,28,4,1.53333333333333,1,0.233333333333333,0.0115061483285342,14,13.6666666666667,6,6.56666666666667,3,0,0,16.3333333333333,8,13.1,10,0.566666666666667,1
9,50,240,270,2.35719207038986,0.0785730690129954,0.212172651183101,0,0,7274.86808718884,3086.24323769494,4,22.3333333333333,10,4.43333333333333,7,2.63333333333333,0.0219498875657976,10,7.96666666666667,6,4.3,3,0,0,7.96666666666667,8,20.8,11,1.23333333333333,2
10,50,270,300,2.30550222708377,0.0768500742361255,0.224438014413909,0,0,7220.79743257282,3131.98458355272,4,22.8333333333333,8,4.1,4,1.53333333333333,0.015845332234828,10,11.3,8,9.2,3,0,0,15.1,12,11.5333333333333,8,3.36666666666667,7
1,51,0,30,2.66810420668951,0.0889368068896503,0.205600326899792,0,0,6135.49091627177,2299.56944743342,0,27.8666666666667,0,0,0,0,0.00350645168804784,21,16.9333333333333,6,3.8,3,0,0,11.5,9,17.1666666666667,9,1.33333333333333,1
2,51,30,60,2.33701975860657,0.0779006586202191,0.207047096461164,0,0,4313.86998717539,1845.88511555739,0,29.4,0,0,0,0,0.00336527310912372,15,14.0333333333333,1,0.566666666666667,3,2.56666666666667,3,19.3,9,8.13333333333333,5,0,0
3,51,60,90,1.8623220771926,0.0620774025730867,0.150401483974824,0,0,2799.54562809297,1503.25535114377,0,30,0,0,0,0,0.00683870443804621,13,9.53333333333333,2,1.2,3,1.3,1,25,4,3.7,2,0,0
4,51,90,120,2.26567344250413,0.0755224480834708,0.158833866558523,0,0,3553.01687604462,1568.1946080092,1,28.7333333333333,2,1.23333333333333,1,0.0333333333333333,0.0162489383383283,10,8.96666666666667,5,2.63333333333333,3,0,0,26.5,6,3.23333333333333,4,0.266666666666667,0
5,51,120,150,2.75802272348207,0.0919340907827356,0.191668377986117,0,0,5625.6060636533,2039.72433430528,7,22.2,10,6.76666666666667,3,1.03333333333333,0.0250760127749081,16,12.7333333333333,4,4.06666666666667,3,0,0,18,10,11.9333333333333,9,0.0666666666666667,0
6,51,150,180,2.74716425895325,0.0915721419651084,0.1978496774967,0,0,6229.82204634012,2267.72826780801,3,15.1,14,9.1,10,5.8,0.0380529046307072,18,16.2,7,6.63333333333333,3,0,0,13.2333333333333,8,16.0333333333333,11,0.733333333333333,1
7,51,180,210,3.04615209959914,0.101538403319971,0.19714141897742,0,0,8523.38811677871,2798.08356184852,10,5.26666666666667,26,15,17,9.73333333333333,0.0537974281769946,23,24.6,9,7.63333333333333,3,0,0,8.06666666666667,9,21.5333333333333,9,0.4,1
8,51,210,240,3.13366026833282,0.104455342277761,0.230211025881702,0,0,6208.89886023962,1981.35672937606,4,10.8,18,8.1,13,10.9,0.0474920755987717,11,22.7,6,5.6,3,0,0,16.8333333333333,10,12.7666666666667,9,0.4,1
9,51,240,270,2.90484653054647,0.0968282176848824,0.262499873092999,0,0,7601.32574455423,2616.77361079872,8,6.73333333333333,24,11.1,16,12.1666666666667,0.0552983868310047,18,25.1666666666667,9,8.13333333333333,3,0,0,11.8333333333333,10,18.1666666666667,11,0,0
10,51,270,300,2.9854850724542,0.0995161690818065,0.2238088597932,0,0,7310.65554902101,2448.73290992922,7,11.1666666666667,18,8.76666666666667,11,10,0.0470653925765188,15,21.5666666666667,12,8.46666666666667,3,0,0,11.1333333333333,8,18.5,10,0.366666666666667,0
1,52,0,30,2.45556173643383,0.0818520578811278,0.16588538337345,0,0,5761.30342698559,2346.22625915023,0,29.8666666666667,0,0,0,0,0.00236334894854324,18,12.1,5,4.3,3,0,0,14.5,7,13.6666666666667,7,1.83333333333333,3
2,52,30,60,2.46026186763499,0.0820087289211662,0.174505606805086,0,0,4372.08049724211,1777.07932426109,0,29.9333333333333,0,0,0,0,0.00208932726561277,19,14.2,0,0,3,0,0,24.8,7,3.13333333333333,5,2.06666666666667,3
3,52,60,90,2.43751360748869,0.0812504535829564,0.157953632273576,0,0,3383.28670352958,1388.00730922495,0,29.8666666666667,0,0,0,0,0.00201716114423429,15,11.8666666666667,0,0,3,0,0,27.1333333333333,7,1.16666666666667,2,1.7,3
4,52,90,120,2.13635856868754,0.0712119522895846,0.183254602044521,0,0,3278.25034333155,1534.50380071054,0,29.7333333333333,0,0,0,0,0.00157915397242496,6,4.03333333333333,0,0,3,0,0,27.2666666666667,5,1.93333333333333,2,0.8,1
5,52,120,150,1.73550866152729,0.0578502887175765,0.184058098322502,0,0,2706.78820287676,1559.65122092489,0,29.2666666666667,0,0,0,0,0.00127536712952425,5,3.1,0,0,3,1,2,27.1333333333333,6,0.566666666666667,1,1.3,2
6,52,150,180,1.75575896539362,0.058525298846454,0.13632147896303,0,0,2058.64584676629,1172.51051388182,0,29.9666666666667,0,0,0,0,0.00172463952901868,11,6.96666666666667,0,0,3,0,0,28.2666666666667,4,1.36666666666667,2,0.366666666666667,1
7,52,180,210,1.51641653660984,0.0505472178869948,0.131567147183953,0,0,1911.51706186805,1260.54881077828,0,29.5666666666667,0,0,0,0,0.00147071348975874,6,4.33333333333333,0,0,3,1.43333333333333,1,27.5333333333333,5,0.233333333333333,0,0.8,1
8,52,210,240,1.43439661330661,0.0478132204435537,0.158337163314899,0,0,2782.84142181271,1940.0780760334,0,29.7333333333333,0,0,0,0,0.00331585213236542,2,1.86666666666667,2,1.56666666666667,3,0,0,27.3,6,1.9,3,0.8,2
9,52,240,270,1.42937874832671,0.047645958277557,0.109665626057614,0,0,2744.55463873719,1920.10315107181,0,29.7333333333333,0,0,0,0,0.00296556426084132,0,0,3,1.76666666666667,3,0.6,1,25.2,8,3.4,5,0.8,1
10,52,270,300,1.85927767571942,0.0619759225239808,0.171011019143237,0,0,2466.72701981536,1326.71254650594,0,29.3333333333333,0,0,0,0,0.00307080792955289,10,7.33333333333333,1,0.5,3,0,0,25.3333333333333,10,1.6,2,3.06666666666667,4
1,53,0,30,0.893644452522161,0.0297881484174054,0.0607879754174562,0,0,465.865799374698,521.310011000315,0,0,0,1.3,1,28.7,0.0850117083007889,0,0,0,0,3,0,0,26,9,0.4,1,3.6,6
2,53,30,60,1.00975746417064,0.0336585821390215,0.0634028379323377,0,0,722.92090852609,715.935196497759,0,0,0,0,0,30,0.0868403919103331,0,0,0,0,3,0,0,27.9,7,0.3,0,1.8,4
3,53,60,90,1.1966911231344,0.0398897041044799,0.0816340449058591,0,0,922.486484527223,770.86431635845,1,1.86666666666667,5,2.26666666666667,4,25.8666666666667,0.0783848742052427,0,0,0,0,3,0,0,25.6,8,0.933333333333333,1,3.46666666666667,5
4,53,90,120,1.23129505026988,0.0410431683423292,0.0944486398061482,0,0,1518.35713908901,1233.13834385691,4,15.2666666666667,7,7.33333333333333,2,6.46666666666667,0.0366532490403152,0,0,1,0.5,3,0,0,28.6,4,0,0,1.4,1
5,53,120,150,1.16141846036385,0.0387139486787949,0.0886402034365313,0,0,929.199570681224,800.055795901614,4,12.6666666666667,7,11.9,3,5.43333333333333,0.0435437839636169,1,0.6,1,0.533333333333333,3,0,0,27.7333333333333,6,1.7,3,0.566666666666667,1
6,53,150,180,0.963242580994087,0.0321080860331362,0.075976578054598,0,0,1066.99435045245,1107.7109458256,5,19.9666666666667,5,5.36666666666667,1,4.66666666666667,0.0336300016777019,1,0.766666666666667,0,0,3,0,0,28.3333333333333,4,0.433333333333333,1,1.23333333333333,3
7,53,180,210,1.13311894701948,0.037770631567316,0.11499956927991,0,0,1513.47610901148,1335.6727579152,5,12.3666666666667,8,11.3333333333333,2,6.3,0.0438076872179482,1,0.566666666666667,1,0.6,3,0,0,25.7333333333333,10,1,2,3.26666666666667,5
8,53,210,240,1.3063636032394,0.0435454534413134,0.0791497027266259,0,0,1376.09597988911,1053.37899530942,4,7.53333333333333,6,7.76666666666667,3,14.7,0.0586939826900319,0,0,1,0.5,3,0,0,25.8333333333333,10,0,0,4.16666666666667,9
9,53,240,270,1.46426976193307,0.0488089920644356,0.0870343808901096,0,0,2820.11373510713,1925.95231317495,2,11.2333333333333,8,8.56666666666667,6,10.1333333333333,0.0474427527143563,1,0.766666666666667,4,3.5,3,0,0,20.9333333333333,9,4.93333333333333,4,4.13333333333333,6
10,53,270,300,1.60499298723622,0.0534997662412072,0.0917972399152494,0,0,2542.77958905653,1584.29327061121,4,14.1666666666667,7,4.63333333333333,3,9.2,0.0391777639375334,7,5.1,2,1.2,3,0,0,23.7333333333333,8,4.5,5,1.76666666666667,2
1,54,0,30,0.214744565707778,0.00715815219025928,0.0862071215195149,0,0,1195.83066517418,5568.61898336207,0,0,0,0,0,30,0.0855658872370772,0,0,4,2.73333333333333,3,1.2,1,21.0666666666667,11,3.7,5,4.03333333333333,6
2,54,30,60,0.360266615551778,0.0120088871850593,0.100515737181678,0,0,920.685975554041,2555.56839243607,0,0,1,0.333333333333333,0,29.6666666666667,0.0849628978597311,1,0.5,3,1.83333333333333,3,0.7,1,25.3,9,1.1,2,2.9,4
3,54,60,90,0.9120031775759,0.0304001059191967,0.0780013724933466,0,0,1700.99018296689,1865.11431625503,4,20.5,4,9.5,0,0,0.024386468476795,0,0,3,2.2,3,1,2,24.5333333333333,7,1.06666666666667,1,3.4,3
4,54,90,120,0.634001824544025,0.0211333941514675,0.0789741913622412,0,0,2381.84396233008,3756.8408640513,8,15.9333333333333,7,13.7,0,0,0.0302876763738825,0,0,5,5.63333333333333,3,0,0,15.8333333333333,10,9.13333333333333,9,5.03333333333333,7
5,54,120,150,0.677462353184649,0.0225820784394883,0.0687463238307143,0,0,2094.38761334756,3091.5188179862,4,9.46666666666667,6,18.3333333333333,2,1.36666666666667,0.0388895671466518,0,0,5,2.96666666666667,3,0,0,10.9666666666667,7,10.4333333333333,10,8.6,9
6,54,150,180,0.742252893685147,0.0247417631228382,0.122763401282322,0,0,1880.63066770524,2533.67913241571,5,28.3333333333333,5,1.36666666666667,0,0,0.015490076177178,1,0.533333333333333,3,2.5,3,0,0,26.1333333333333,7,1.53333333333333,2,2.33333333333333,3
7,54,180,210,0.281189981888277,0.0093729993962759,0.0460920481208466,0,0,730.665028599081,2598.4746102704,1,27.8,1,0.7,0,0,0.00994643995318497,0,0,4,2.36666666666667,3,3.83333333333333,5,20.6333333333333,11,3.16666666666667,5,2.36666666666667,2
8,54,210,240,0.234792231755466,0.00782640772518221,0.0520447101307704,0,0,476.074146447813,2027.64010925046,3,26.1666666666667,3,3.83333333333333,0,0,0.0195278791755542,0,0,1,0.5,3,4.03333333333333,4,22.4333333333333,11,1.5,1,2.03333333333333,4
9,54,240,270,0.395143065843276,0.0131714355281092,0.0471270002084294,0,0,610.799314154266,1545.76751296586,3,17.4666666666667,5,11.6666666666667,1,0.866666666666667,0.0296312564346964,0,0,2,1.7,3,2.2,3,20.3666666666667,14,3.63333333333333,4,3.8,6
10,54,270,300,0.855226207086289,0.0285075402362096,0.0609670658411007,0,0,1303.7011881912,1524.39340304227,4,16.1666666666667,6,11.8666666666667,2,1.96666666666667,0.0335954641866405,0,0,0,0,3,0.233333333333333,0,20.1333333333333,8,7.26666666666667,5,2.36666666666667,3
1,55,0,30,2.13368058335834,0.0711226861119448,0.115600537974753,0,0,3374.54423810911,1581.56017560871,5,27.0666666666667,5,2.93333333333333,0,0,0.0177182685957855,9,5.63333333333333,4,2.23333333333333,3,0,0,23.0333333333333,8,4.16666666666667,4,2.8,4
2,55,30,60,1.99309087093759,0.0664363623645862,0.13786238648683,0,0,3492.83393435629,1752.47099130668,5,25.4333333333333,6,2.96666666666667,1,1.13333333333333,0.0186997636991037,11,8.6,5,4.23333333333333,3,0,0,22.9333333333333,7,4.6,4,2.46666666666667,3
3,55,60,90,1.78089081214816,0.0593630270716052,0.0925396751707628,0,0,4553.64142649161,2556.94588092062,7,21.0666666666667,8,8.5,1,0.433333333333333,0.0263719363695239,7,5.5,9,7.4,3,0,0,15.9333333333333,10,10.4666666666667,6,3.6,5
4,55,90,120,1.74880201326731,0.0582934004422436,0.140531228124568,0,0,3150.04285064511,1801.25756188938,4,24.2,5,2.33333333333333,1,1.7,0.0161685715797571,3,3.36666666666667,5,3.36666666666667,3,0,0,22.7666666666667,5,7.23333333333333,5,0,0
5,55,120,150,1.73790361132087,0.0579301203773625,0.131319046282967,0,0,2817.57386579777,1621.2486397081,2,19.2,7,5.1,4,5.26666666666667,0.0287072241445492,4,3.66666666666667,1,0.5,3,0,0,24.8666666666667,12,3,4,2.13333333333333,4
6,55,150,180,2.216524626704,0.0738841542234666,0.109666220571137,0,0,5809.04175316139,2620.78827511134,5,4,18,12,13,14,0.0604079298991727,11,9.83333333333333,3,1.9,3,0,0,14,10,11.2333333333333,9,4.76666666666667,7
7,55,180,210,2.54901297522652,0.0849670991742172,0.127348636836613,0,0,5485.83310021343,2152.14012385556,4,6.83333333333333,14,12.1666666666667,10,11,0.0543824321963534,17,17.6,6,5.3,3,0,0,15.6666666666667,11,11.8333333333333,9,2.5,5
8,55,210,240,2.34026125756936,0.0780087085856454,0.126859832987003,0,0,5267.59203268201,2250.85640145708,3,5.36666666666667,14,9,11,15.6333333333333,0.0601796160620974,20,17.5666666666667,5,4.16666666666667,3,0,0,15.8666666666667,10,10.4333333333333,11,3.7,6
9,55,240,270,2.58739594306256,0.0862465314354187,0.119756632676554,0,0,6025.14940822185,2328.6538051421,8,7.73333333333333,20,11.6666666666667,12,10.5,0.0530981215089624,5,3.4,8,5.9,3,0,0,11,5,18.2,7,0.8,1
10,55,270,300,2.5209679021314,0.08403226340438,0.117856619195105,0,0,5501.28731439699,2182.21235968369,11,11.8333333333333,15,10.8,5,7.13333333333333,0.0436082350843234,5,3.5,6,5.06666666666667,3,0,0,12.1666666666667,9,17.3,8,0.533333333333333,0
1,56,0,30,0.961942602004545,0.0320647534001515,0.0918831278416663,0,0,905.827132017369,941.664430008361,4,17.8,5,9,1,3.2,0.0342383089912944,0,0,0,0,3,0.366666666666667,1,25.9333333333333,9,1.86666666666667,3,1.83333333333333,4
2,56,30,60,0.992770310765181,0.0330923436921727,0.0697906476720733,0,0,917.505269171425,924.18685291289,3,8.43333333333333,7,14.5666666666667,3,7,0.0502700268883574,1,0.5,1,0.933333333333333,3,0,0,23.6333333333333,9,4.4,6,1.96666666666667,4
3,56,60,90,0.885341611796464,0.0295113870598821,0.18570744628311,0,0,1534.39528544131,1733.11099918577,2,12.5,3,13.9,2,3.6,0.038890750773214,1,0.5,0,0,3,0.333333333333333,1,26.4333333333333,9,2.56666666666667,3,0.666666666666667,1
4,56,90,120,0.717679304516157,0.0239226434838719,0.053118049624829,0,0,2122.47190183103,2957.40993013857,3,12.7333333333333,5,16.6666666666667,2,0.6,0.0368548059198034,0,0,6,3.7,3,0,0,13.7333333333333,12,15.6666666666667,12,0.6,1
5,56,120,150,0.76725063075965,0.0255750210253217,0.0684847229750152,0,0,2772.63539191058,3613.72839689348,1,25.3666666666667,1,1.26666666666667,0,1.16666666666667,0.00940274044562701,0,0,0,0,3,0,0,23.3,11,5.6,10,1.1,1
6,56,150,180,0.599552750143789,0.0199850916714596,0.054962847787275,0,0,2139.5538443407,3568.58315440564,2,24.4,3,5.2,1,0.333333333333333,0.018316681522124,0,0,1,0.533333333333333,3,0,0,23.6,9,4.63333333333333,6,1.76666666666667,3
7,56,180,210,0.80132038652568,0.026710679550856,0.0737014524389671,0,0,1820.88014259129,2272.34970332673,2,28.3666666666667,2,1.63333333333333,0,0,0.0135334411487245,0,0,1,0.633333333333333,3,0,0,24.5333333333333,10,3.56666666666667,5,1.9,2
8,56,210,240,1.44414359239709,0.0481381197465698,0.0923508654044598,0,0,1723.77931246469,1193.63429062025,0,29.2666666666667,0,0,0,0,0.00869466085065876,6,4.06666666666667,1,0.466666666666667,3,0,0,28.8,3,1.2,2,0,0
9,56,240,270,1.30351595139737,0.0434505317132457,0.0792759999993935,0,0,1743.40025238531,1337.4598527286,5,21.2333333333333,5,8.76666666666667,0,0,0.0262985431428302,0,0,2,0.7,3,0,0,27.3,4,2.7,4,0,0
10,56,270,300,1.52697148701794,0.0508990495672648,0.091062369441875,0,0,2669.969775053,1748.53937860178,5,19.4333333333333,7,9.6,1,0.966666666666667,0.0276802368243097,1,0.766666666666667,4,2.86666666666667,3,0,0,22.4,10,5.2,4,2.4,2
1,57,0,30,1.22143650674246,0.0407145502247487,0.0795512637162644,0,0,1653.76241920478,1353.94873992699,0,30,0,0,0,0,0.0189766395719268,0,0,1,0.5,3,0,0,27.1333333333333,6,2.86666666666667,5,0,0
2,57,30,60,1.11734443303404,0.0372448144344679,0.0814601834077601,0,0,1768.33064674523,1582.61910514335,1,29.9333333333333,1,0.0666666666666667,0,0,0.0170637246639089,0,0,1,0.6,3,0,0,25.3666666666667,9,3.56666666666667,5,1.06666666666667,1
3,57,60,90,1.49097694889003,0.0496992316296675,0.111839730675476,0,0,1588.70241974597,1065.54458868643,2,27.9,2,2.1,0,0,0.0174530701185846,6,4.5,0,0,3,0,0,27.4,7,1.93333333333333,4,0.666666666666667,0
4,57,90,120,2.28177272676078,0.0760590908920259,0.115680679328006,0,0,3788.19029023531,1660.19614741082,2,26.4333333333333,4,1.93333333333333,1,0.6,0.0139413840426618,16,13.3,1,0.533333333333333,3,0,0,22.4666666666667,12,6.03333333333333,7,1.5,2
5,57,120,150,2.43387170935824,0.0811290569786082,0.139406122754875,0,0,4292.87284788761,1763.80407865439,8,8.66666666666667,10,15.3333333333333,3,5.8,0.0458261184388354,13,14,1,1.1,3,0,0,19.4,9,8.5,6,2.1,4
6,57,150,180,2.23778561706593,0.0745928539021978,0.106507235638221,0,0,4931.15708033303,2203.58779801191,8,14.2666666666667,15,12.2333333333333,7,3.2,0.0355995785007461,4,2.4,1,0.966666666666667,3,0,0,15.3666666666667,8,12.3333333333333,6,2.3,3
7,57,180,210,2.3223877954469,0.0774129265148968,0.121511815365067,0,0,5261.87301523233,2265.71678750136,8,12.0666666666667,16,12.1,8,5.83333333333333,0.04164983736623,8,7.06666666666667,3,2.5,3,0,0,14.9,10,13.7666666666667,10,1.33333333333333,2
8,57,210,240,2.55988957235482,0.0853296524118272,0.116823526835291,0,0,4539.22174494127,1773.20998294691,6,23,8,4.96666666666667,2,0.833333333333333,0.0190632104075981,18,17.9666666666667,2,1.03333333333333,3,0,0,20.1333333333333,11,8.36666666666667,7,1.5,3
9,57,240,270,2.63903743132235,0.0879679143774115,0.122235884678687,0,0,4861.4476818918,1842.12911275603,5,10.9666666666667,11,7.2,6,11.8333333333333,0.0487194595735912,18,19.0333333333333,3,1.93333333333333,3,0,0,19.7666666666667,11,8.36666666666667,7,1.86666666666667,2
10,57,270,300,2.1962966324743,0.0732098877491432,0.129486455179698,0,0,4108.58481744884,1870.68757320827,3,12.4,13,6.03333333333333,10,11.3,0.0457719593290936,5,4.6,0,0,3,0,0,19.2333333333333,10,9.66666666666667,9,1.1,2
1,58,0,30,0.963993713662858,0.0321331237887619,0.0807441494394765,0,0,1283.85460813253,1331.8080708787,2,19.7666666666667,4,7.86666666666667,2,2.36666666666667,0.0267528826852032,0,0,1,0.5,3,0,0,25.2,8,1.86666666666667,3,2.93333333333333,4
2,58,30,60,0.604954742364425,0.0201651580788142,0.0554145690962266,0,0,478.272747199183,790.592607522814,3,24.3,3,5.7,0,0,0.0234024231126573,0,0,0,0,3,1.26666666666667,2,26.8666666666667,5,1.86666666666667,2,0,0
3,58,60,90,0.773354431186965,0.0257784810395655,0.0759467652738251,0,0,1253.34342422975,1620.65848941485,2,21.7333333333333,2,8.26666666666667,0,0,0.0248054703946858,1,0.766666666666667,0,0,3,0.766666666666667,1,27.7666666666667,4,1.06666666666667,1,0.4,1
4,58,90,120,0.65913970033488,0.021971323344496,0.0900425852792685,0,0,998.513103349462,1514.87325500522,1,25.7,2,2.46666666666667,1,0.5,0.0154839481276637,0,0,1,0.566666666666667,3,0.466666666666667,1,27.2,7,0.466666666666667,1,1.86666666666667,3
5,58,120,150,0.950837797310854,0.0316945932436951,0.063219113982812,0,0,1103.2214788347,1160.26254105044,4,20.1333333333333,4,9.86666666666667,0,0,0.0254489673750263,0,0,1,0.533333333333333,3,0,0,25.9333333333333,6,2.8,3,1.26666666666667,2
6,58,150,180,1.10237672782833,0.036745890927611,0.0731866884427825,0,0,2001.01877562671,1815.18597509646,6,19.1,7,9.96666666666667,1,0.933333333333333,0.02764512062742,0,0,1,0.733333333333333,3,0,0,19.8666666666667,9,6.16666666666667,5,3.96666666666667,4
7,58,180,210,1.33043094964183,0.0443476983213943,0.0767575194712328,0,0,2234.845629308,1679.79076998296,4,13.3666666666667,9,15.2,5,1.43333333333333,0.0341574418641411,1,0.533333333333333,2,1.2,3,0,0,17.1,11,8,7,4.9,7
8,58,210,240,1.91566219123598,0.0638554063745328,0.0952067407379767,0,0,3421.64825248671,1786.14385570718,9,12.3333333333333,14,14.7333333333333,4,2.86666666666667,0.0401049864209525,10,7.76666666666667,2,1.2,3,0,0,12.5,8,12.6666666666667,8,4.83333333333333,5
9,58,240,270,1.81943760162949,0.0606479200543165,0.0989156012021497,0,0,3937.72870885323,2164.25597960963,7,13.6,12,10.1,5,5.43333333333333,0.0378583996699946,8,5.93333333333333,5,3.5,3,0,0,10.9333333333333,10,13.9333333333333,11,5.13333333333333,7
10,58,270,300,2.05327946409958,0.0684426488033195,0.104996655923815,0,0,4437.090265599,2160.97727717,7,9.73333333333333,14,13.4333333333333,8,6.1,0.0427033849494698,4,2.56666666666667,4,2.8,3,0,0,13.9,5,14.5666666666667,8,1.53333333333333,2
1,59,0,30,0.901736844143264,0.0300578948047755,0.074106322732571,0,0,1484.71862169669,1646.50987850819,2,15.3666666666667,4,8.33333333333333,2,6.3,0.041959225073283,1,0.5,0,0,3,0,0,27.5,6,2.5,5,0,0
2,59,30,60,0.585363658341388,0.0195121219447129,0.0608522664457011,0,0,918.201972391695,1568.60091894566,5,14.3,6,13.0333333333333,1,2.66666666666667,0.0396421933597829,0,0,0,0,3,2.96666666666667,3,25.2,8,0.3,0,1.53333333333333,4
3,59,60,90,0.947713509366221,0.0315904503122074,0.0816410592015689,0,0,1813.03835574023,1913.06585568532,2,26.3,2,3.7,0,0,0.0214268994468236,0,0,1,0.7,3,0,0,29.2333333333333,3,0.766666666666667,2,0,0
4,59,90,120,1.18561808722375,0.0395206029074582,0.0773969175028234,0,0,1172.14187649088,988.633598898255,0,30,0,0,0,0,0.0135024123703169,0,0,0,0,3,0,0,29.6333333333333,2,0.366666666666667,1,0,0
5,59,120,150,1.36771835028634,0.0455906116762113,0.0811348586720621,0,0,2030.16709037521,1484.34587424391,2,28.4,2,1.6,0,0,0.0164185344949083,1,0.566666666666667,1,0.5,3,0,0,25.8666666666667,6,3.43333333333333,4,0.7,1
6,59,150,180,1.82893402790843,0.0609644675969475,0.101569886747201,0,0,4164.4604015373,2276.98776335841,4,23.0333333333333,6,6.06666666666667,2,0.9,0.0237275831658818,6,5.06666666666667,7,5,3,0,0,19.3666666666667,9,7.53333333333333,7,3.1,3
7,59,180,210,2.44396782165828,0.081465594055276,0.132342137100773,0,0,3729.96064044027,1526.19056903516,4,19.6666666666667,7,5.06666666666667,3,5.26666666666667,0.0326874970043313,16,17.7666666666667,0,0,3,0,0,24.0666666666667,8,4.4,6,1.53333333333333,2
8,59,210,240,2.41272109562217,0.0804240365207389,0.123415156806742,0,0,4464.15996951878,1850.25943430382,3,6.66666666666667,15,7.2,12,15.6666666666667,0.055965432279582,6,4.96666666666667,4,2.86666666666667,3,0,0,20.8,9,7.26666666666667,6,1.93333333333333,2
9,59,240,270,2.17411075178052,0.0724703583926839,0.1142857430798,0,0,4723.64797373937,2172.68047171511,3,18.5666666666667,9,5.66666666666667,5,3.6,0.0238742541922025,1,0.533333333333333,5,3.06666666666667,3,0,0,17.2,10,11.3333333333333,7,1.46666666666667,3
10,59,270,300,2.93210205238105,0.0977367350793682,0.143684133440915,0,0,5998.68996801419,2045.86670615468,10,19.7333333333333,11,7.86666666666667,2,2.03333333333333,0.0292558257337043,22,19.7,10,8.06666666666667,3,0,0,14.7666666666667,8,14.8,10,0.433333333333333,0
1,60,0,30,0.662142348690438,0.0220714116230146,0.163626350816602,0,0,1334.10601333175,2014.83263526384,0,30,0,0,0,0,0.00617956928262735,3,2.43333333333333,0,0,3,1.86666666666667,2,24.1666666666667,10,2.5,3,1.46666666666667,3
2,60,30,60,0.638772192871944,0.0212924064290648,0.0789303088803613,0,0,1003.88414744018,1571.58398352733,2,26.9,2,3.1,0,0,0.0212884633619265,1,0.7,2,1.2,3,0,0,26.9,8,0,0,3.1,4
3,60,60,90,1.04953124280578,0.0349843747601927,0.164484701066802,0,0,1795.81884911239,1711.06754698556,2,26.8,2,3.2,0,0,0.0211556729988984,2,1.36666666666667,2,1,3,0,0,26.3,8,1.7,2,2,4
4,60,90,120,1.35164475450694,0.0450548251502313,0.149822097988141,0,0,2162.02475897552,1599.55102978534,1,29.7666666666667,1,0.233333333333333,0,0,0.0126085364060175,4,2.9,2,1.23333333333333,3,0,0,28.7666666666667,5,0.166666666666667,0,1.06666666666667,2
5,60,120,150,1.23854821877821,0.0412849406259402,0.156500169303621,0,0,1766.88550693136,1426.57789187597,1,29.1,1,0.9,0,0,0.017795238131951,4,2.3,3,2.2,3,0,0,27.4,5,0.7,1,1.9,2
6,60,150,180,1.80646817709152,0.0602156059030508,0.214754959972876,0,0,1783.34310918577,987.198740504256,1,29.6,1,0.4,0,0,0.0145494054477217,5,6.36666666666667,0,0,3,0,0,26.5333333333333,7,1.16666666666667,2,2.3,4
7,60,180,210,1.282207395164,0.0427402465054666,0.151174964447203,0,0,1422.3659373371,1109.31035236712,5,25.0333333333333,5,4.43333333333333,0,0,0.0151842956219182,3,2.23333333333333,1,0.533333333333333,3,0,0,25.1,8,3.7,5,1.2,3
8,60,210,240,0.879454939516218,0.0293151646505406,0.0757376013299346,0,0,1026.0109541039,1166.64414286911,0,27.7,0,0,0,0,0.00621890167644249,0,0,1,0.533333333333333,3,0,0,27.6666666666667,4,1.96666666666667,2,0.366666666666667,1
9,60,240,270,1.19231359235363,0.0397437864117876,0.14517674972237,0,0,1407.49770458528,1180.476104283,2,27.0333333333333,3,2.66666666666667,1,0.133333333333333,0.0150063850508637,2,1.43333333333333,1,0.566666666666667,3,0,0,27.0333333333333,3,2.33333333333333,2,0.633333333333333,1
10,60,270,300,1.03567207346608,0.0345224024488692,0.0865799166722004,0,0,1976.9724099781,1908.87874707462,3,25.9,4,4.1,0,0,0.02004468564498,2,1.3,3,2.06666666666667,3,0,0,25.4666666666667,3,3.13333333333333,3,1.4,2
1,61,0,30,0,0,0.00578334733124906,30,0,0,NA,0,29.7333333333333,0,0,0,0,0.00202193609710922,0,0,0,0,3,30,1,0,0,0,0,0,0
2,61,30,60,0.409123576171001,0.0136374525390334,0.0599438836597215,15.9333333333333,0,593.072307626502,1449.61655150036,0,27.3666666666667,0,0,0,0,0.00375822681551289,0,0,0,0,3,16.2,1,13.3,2,0.5,1,0,0
3,61,60,90,0.649347661931694,0.0216449220643898,0.0589269614276008,0,0,561.889006284533,865.3130506592,0,30,0,0,0,0,0.00830344707657917,0,0,2,1.03333333333333,3,0,0,30,1,0,0,0,0
4,61,90,120,0.339773269464009,0.0113257756488003,0.056471328403665,0,0,572.039500175937,1683.59182898151,0,30,0,0,0,0,0.00757474530799246,0,0,0,0,3,1.6,2,28.0333333333333,6,0,0,0.366666666666667,0
5,61,120,150,0.160693113445639,0.00535643711485464,0.0542094603629146,0,0,354.134344051232,2203.79290971316,0,29.9,0,0,0,0,0.00650704727223841,0,0,0,0,3,15.1666666666667,8,13.8666666666667,8,0.966666666666667,1,0,0
6,61,150,180,0.127910797944047,0.00426369326480156,0.0373051697008846,0,0,261.295927336571,2042.79804001279,0,30,0,0,0,0,0.0114129335347034,0,0,0,0,3,10.7666666666667,12,19.2333333333333,11,0,0,0,0
7,61,180,210,0.123812488896217,0.00412708296320725,0.0345131487441734,2.2,1,145.892771894794,1178.33647635566,1,27.4333333333333,1,2.56666666666667,0,0,0.0212966791584776,0,0,1,0.5,3,16.2333333333333,8,13.7666666666667,6,0,0,0,0
8,61,210,240,0.224845956830257,0.00749486522767524,0.0495900654834739,0,0,375.550380919581,1670.25632221217,0,30,0,0,0,0,0.0151033970756817,0,0,0,0,3,7.03333333333333,5,22.6666666666667,7,0.3,0,0,0
9,61,240,270,0.106651145449246,0.00355503818164155,0.034283738902294,3.3,1,2.60128521836918,24.3905980326024,2,27.8333333333333,2,2.16666666666667,0,0,0.0230368809555168,0,0,0,0,3,17.8,4,12.2,5,0,0,0,0
10,61,270,300,0.406097901039643,0.0135365967013214,0.126740394857263,0,0,614.5963990625,1513.41929492638,2,17.8333333333333,2,12.1666666666667,0,0,0.0285090106770986,3,1.7,1,0.566666666666667,3,11.9333333333333,7,18.0666666666667,7,0,0,0,0
1,62,0,30,0.796987642132682,0.0265662547377561,0.0679699394423499,0,0,837.346853259349,1050.63969501292,1,17.2,2,8.63333333333333,1,4.16666666666667,0.0380944548876642,0,0,0,0,3,0.266666666666667,0,26.3333333333333,6,2.9,4,0.5,1
2,62,30,60,0.68499505648733,0.0228331685495777,0.113762520345985,0,0,1305.71210335616,1906.16281240318,3,5.73333333333333,7,10.9333333333333,4,13.3333333333333,0.0578731122894414,1,0.533333333333333,1,0.866666666666667,3,1.36666666666667,1,23.5333333333333,9,4.36666666666667,5,0.733333333333333,0
3,62,60,90,0.431303720739839,0.014376790691328,0.0588562655721158,0,0,333.671618033701,773.634916622875,2,8.96666666666667,3,9.7,1,11.3333333333333,0.0513794958450203,0,0,0,0,3,3.93333333333333,2,22.9333333333333,9,1.4,2,1.73333333333333,2
4,62,90,120,0.427363245601996,0.0142454415200665,0.06439702042273,0,0,731.487329557283,1711.62901135049,2,24.9333333333333,2,2.03333333333333,0,2.73333333333333,0.0216639617311865,0,0,1,0.8,3,3.36666666666667,3,25.4666666666667,6,1.16666666666667,2,0,0
5,62,120,150,0.282322924390604,0.00941076414635347,0.0453698401817559,0,0,335.015645867434,1186.63989681521,0,23.9,2,3.86666666666667,1,2.23333333333333,0.023987513053212,0,0,0,0,3,2.33333333333333,3,26.2333333333333,7,0,0,1.43333333333333,1
6,62,150,180,0.594024142257806,0.0198008047419269,0.122590702117202,0,0,947.895572343146,1595.71893617038,2,21.3666666666667,1,6.23333333333333,0,0,0.018711266101528,1,0.5,0,0,3,0,0,29.1,3,0.8,2,0.1,0
7,62,180,210,0.775866082145836,0.0258622027381945,0.0643196091428391,0,0,1016.08789804296,1309.61762786787,4,21.4333333333333,5,7.63333333333333,1,0.933333333333333,0.0272660629592424,0,0,1,0.5,3,0.533333333333333,1,28.2333333333333,5,0.2,0,1.03333333333333,2
8,62,210,240,1.08889973178954,0.0362966577263181,0.106839764197228,0,0,1181.15880862631,1084.72687993517,2,24.3,3,5.3,1,0.4,0.0209448162062923,2,1.03333333333333,0,0,3,0,0,28,5,1,2,1,2
9,62,240,270,1.10096989673488,0.0366989965578293,0.0707318273361733,0,0,860.453772607785,781.541598148697,3,21.2666666666667,3,8.43333333333333,0,0,0.0237514779969027,1,0.533333333333333,0,0,3,0,0,27.8,5,0,0,2.2,4
10,62,270,300,1.40307909275271,0.0467693030917569,0.116272850682059,0,0,1848.64875009648,1317.56560242774,2,6.8,2,23.2,0,0,0.0425223585904152,6,4.23333333333333,1,0.566666666666667,3,0,0,28.9,3,0.733333333333333,1,0.366666666666667,1
1,63,0,30,1.63455024667346,0.0544850082224486,0.115913357193005,0,0,3731.09081774597,2282.6406378998,0,30,0,0,0,0,0.0105879835748633,4,2.56666666666667,2,1.03333333333333,3,0,0,28.7333333333333,5,1.26666666666667,2,0,0
2,63,30,60,1.74410027836372,0.0581366759454574,0.116247427848418,0,0,3348.40337328251,1919.84567333703,1,28.7,1,1.3,0,0,0.0174660830526583,6,4.26666666666667,3,1.63333333333333,3,0,0,27.6333333333333,8,0.5,1,1.86666666666667,2
3,63,60,90,1.76206990805702,0.0587356636019006,0.121027823072423,0,0,3214.26614790758,1824.14223931209,5,25.7,6,3.46666666666667,1,0.666666666666667,0.0197258395272927,4,3.06666666666667,1,0.5,3,0,0,25.8,7,2.83333333333333,2,1.36666666666667,3
4,63,90,120,0.308771958098263,0.0102923986032754,0.0549492917788425,0,0,162.365641077223,525.843221247289,0,29.0333333333333,0,0,0,0,0.00415770085461457,0,0,1,0.6,3,3.8,4,24.8,9,1.4,2,0,0
5,63,120,150,1.2211654281921,0.0407055142730701,0.101547597873303,0,0,1383.90729451823,1133.26766592718,1,26.9333333333333,1,1.76666666666667,0,0,0.00808414506356121,1,0.533333333333333,2,1.03333333333333,3,0,0,28.9,3,1.1,2,0,0
6,63,150,180,1.71128019765433,0.0570426732551443,0.10546958856539,0,0,2886.365570045,1686.67035006972,5,26.3,5,3.7,0,0,0.0192671910262208,6,4.1,1,0.566666666666667,3,0,0,20.4666666666667,10,3.96666666666667,6,5.56666666666667,9
7,63,180,210,1.481909244516,0.0493969748172,0.0805180613274525,0,0,1844.43193517987,1244.63218109033,2,24.7,3,5.26666666666667,1,0.0333333333333333,0.0227726598678755,0,0,2,1.1,3,0,0,23.7333333333333,8,1.76666666666667,2,4.5,6
8,63,210,240,1.65920588422836,0.055306862807612,0.0855745755024536,0,0,2694.66517446111,1624.06920086009,5,18.1,8,8.6,3,3.3,0.0322496408949161,0,0,4,2.53333333333333,3,0,0,24.0333333333333,9,3.3,4,2.66666666666667,6
9,63,240,270,0.132097632469022,0.0660488162345112,0.0873518138177349,0,0,348.28098771943,2636.54223932517,1,1.76666666666667,1,0.233333333333333,0,0,0.0190708169047038,0,0,0,0.366666666666667,3,0,0,0.7,1,1.26666666666667,1,0,0
1,64,0,30,0.509039964856378,0.0169679988285459,0.0778086147577131,0,0,453.909546770997,891.69726958288,1,4.16666666666667,4,24.7,2,1.13333333333333,0.0507555750441651,0,0,0,0,3,5.1,5,24.5666666666667,7,0,0,0.333333333333333,1
2,64,30,60,0.733724074963029,0.0244574691654343,0.0579016730662033,0,0,556.089673566708,757.900268700775,1,9,5,13.0333333333333,5,7.96666666666667,0.0497647054359608,0,0,0,0,3,2.96666666666667,3,25.8666666666667,6,0.6,1,0.566666666666667,1
3,64,60,90,0.697032408793441,0.023234413626448,0.0638129598187132,0,0,555.768558898023,797.335320261587,3,16.6333333333333,4,7.93333333333333,0,4.8,0.03320444134329,0,0,0,0,3,1.2,2,27.2333333333333,6,0.7,1,0.866666666666667,0
4,64,90,120,0.929763479220416,0.0309921159740139,0.0667686231722265,0,0,620.762565037169,667.656429738091,3,8.13333333333333,6,11.6333333333333,3,10.2333333333333,0.0502819053201827,0,0,0,0,3,0,0,28.1333333333333,5,1.06666666666667,2,0.8,2
5,64,120,150,1.08822757285422,0.0362742524284741,0.0655285743799017,0,0,1006.44163945408,924.844825255044,4,9.13333333333333,6,16.3333333333333,3,3.8,0.0415208158174035,0,0,0,0,3,0,0,29.1333333333333,3,0.666666666666667,1,0.2,0
6,64,150,180,1.04377195884909,0.0347923986283029,0.0576116113253158,0,0,444.615951002492,425.970392510589,1,6.9,5,8.03333333333333,3,15.0666666666667,0.0556275930264121,0,0,0,0,3,0,0,28.3333333333333,4,0.333333333333333,1,1.33333333333333,2
7,64,180,210,1.28658597574585,0.0428861991915282,0.0792380016727552,0,0,1123.80850247647,873.481076012032,1,5.06666666666667,5,18,4,6.93333333333333,0.0491189797036689,1,0.566666666666667,0,0,3,0,0,29.2666666666667,4,0.4,0,0.333333333333333,1
8,64,210,240,1.57713216341094,0.0525710721136981,0.0859984686242349,0,0,1948.02745759603,1235.17071225213,3,7.43333333333333,8,14.5333333333333,6,6.96666666666667,0.0464619778051671,0,0,1,0.566666666666667,3,0,0,26.7,5,3.3,3,0,0
9,64,240,270,0.0651697143269623,0.0325848571634811,0.0611199156544599,0,0,138.754930511443,2129.13209677883,0,2,0,0,0,0,0.00799671039915921,0,0,0,0,3,0,0,1.96666666666667,1,0,0,0,0
1,65,0,30,0,0,0.0112858296087387,29.3,1,0,NA,0,29.5,0,0,0,0,0.000647590968260294,0,0,0,0,3,25.2,4,3.86666666666667,4,0.933333333333333,1,0,0
2,65,30,60,0,0,0.0048726368143623,30,0,0,NA,0,27.5,0,0,0,0,0.000311263229892769,0,0,0,0,3,30,1,0,0,0,0,0,0
3,65,60,90,1.50890333869925,0.0502967779566416,0.174284115673424,10.1333333333333,0,2507.73045096242,1661.95566451872,2,21.8333333333333,4,7.63333333333333,1,0.533333333333333,0.0221722818347545,9,9.16666666666667,1,0.6,3,8.83333333333333,1,18.8666666666667,5,2.3,2,0,0
4,65,90,120,1.22538943098672,0.0408463143662239,0.0954293686780742,0,0,1701.62007285097,1388.63615910314,2,5.83333333333333,6,14.2666666666667,4,9.9,0.0538345635989515,1,0.6,2,1.06666666666667,3,0,0,27.2333333333333,6,2.53333333333333,3,0.233333333333333,0
5,65,120,150,0.652052110114542,0.0217350703371514,0.0546737559605922,0,0,1349.19957511926,2069.15912730082,5,12.6666666666667,5,11.3,1,6.03333333333333,0.0432891452244987,0,0,1,0.5,3,0,0,26.8666666666667,4,1.83333333333333,2,1.3,3
6,65,150,180,0.349670388893838,0.0116556796297946,0.0546491678317889,0,0,707.488035052227,2023.2998204118,0,26.4,1,1.16666666666667,1,2.43333333333333,0.0218801952095,0,0,0,0,3,0.533333333333333,1,25.3333333333333,7,3.2,3,0.933333333333333,1
7,65,180,210,0.645548170907436,0.0215182723635812,0.0562939733698971,0,0,941.784053836663,1458.89043804866,4,8.9,6,11.5666666666667,1,9.53333333333333,0.0504790759831861,0,0,0,0,3,0,0,26.5333333333333,6,1.9,3,1.56666666666667,3
8,65,210,240,0.603934594496253,0.0201311531498751,0.0539906931916992,0,0,875.01962909305,1448.86488879299,2,15.7666666666667,3,8.63333333333333,1,5.6,0.0376896690793782,0,0,2,1.06666666666667,3,0,0,26.9666666666667,6,0.766666666666667,1,2.26666666666667,4
9,65,240,270,0.757914484595047,0.0252638161531682,0.0702840694125753,0,0,1175.61910286891,1551.12367788701,2,6.9,5,11.1,3,12,0.0558023799926197,0,0,2,1.36666666666667,3,0,0,25.5666666666667,5,2.96666666666667,3,1.46666666666667,2
10,65,270,300,1.06165603265518,0.0353885344218394,0.0822395626026564,0,0,1637.01674014266,1541.94644008052,4,5.7,6,11.8666666666667,3,12.4333333333333,0.0572595032925076,0,0,1,0.633333333333333,3,0,0,26.6333333333333,5,2.2,3,1.16666666666667,2
1,66,0,30,1.17262641121573,0.0390875470405244,0.0916391756630949,0,0,1702.52177398963,1451.88762397439,0,28.3,0,0,0,0,0.00900499269324537,0,0,0,0.633333333333333,3,0,0,28.4333333333333,3,1.56666666666667,2,0,0
2,66,30,60,1.0773151292564,0.0359105043085467,0.065826808830461,0,0,899.592541753524,835.031939423753,1,24.3333333333333,2,5.66666666666667,0,0,0.0192245506354183,1,0.5,0,0,3,0,0,28.9333333333333,3,0.6,1,0.466666666666667,1
3,66,60,90,0.985481483497531,0.032849382783251,0.103160664320973,0,0,2265.25653456552,2298.62922084136,4,24.3,3,5.7,0,0,0.0199875028493271,1,0.6,4,2.06666666666667,3,0,0,26.2666666666667,5,2.03333333333333,3,1.7,3
4,66,90,120,1.09291933932518,0.0364306446441726,0.0768411435874701,0,0,2803.16763447542,2564.84402243832,4,7.63333333333333,7,15.6666666666667,3,6.7,0.0487835154864344,0,0,4,3.2,3,0,0,19.6666666666667,10,4.36666666666667,6,5.96666666666667,6
5,66,120,150,1.08609801350627,0.0362032671168756,0.0706640522078344,0,0,1908.62865093103,1757.32634365969,1,24,2,3.93333333333333,1,2.06666666666667,0.0227755131826504,0,0,5,2.66666666666667,3,0,0,27.5333333333333,5,2.06666666666667,3,0.4,1
6,66,150,180,0.955224905201143,0.0318408301733714,0.0632397107021538,0,0,2425.30487902839,2538.98832183159,4,21.1,4,8.9,0,0,0.024553605687931,0,0,2,1.16666666666667,3,0,0,23.5333333333333,8,5.63333333333333,5,0.833333333333333,1
7,66,180,210,0.90682796791512,0.030227598930504,0.0621013572195989,0,0,1830.47606622848,2018.5483145573,2,14.3,5,11.3,3,4.4,0.0358196689401115,0,0,0,0,3,0,0,24.8,9,3,4,2.2,4
8,66,210,240,1.30590684272426,0.0435302280908088,0.0929106314617954,0,0,2098.37921483222,1606.83683259885,1,16.0666666666667,5,4.73333333333333,4,7.9,0.0357836739218703,2,1.03333333333333,4,2.96666666666667,3,0,0,24.8666666666667,9,3.66666666666667,5,1.46666666666667,2
9,66,240,270,1.06493252214268,0.0354977507380893,0.0710819947064996,0,0,2058.16515095571,1932.67189062328,2,12.3666666666667,6,8.86666666666667,4,8.76666666666667,0.0436057769791962,0,0,1,1.23333333333333,3,0,0,26.5333333333333,6,1.96666666666667,2,1.5,3
10,66,270,300,1.18976909347481,0.0396589697824938,0.0770660695011025,0,0,1933.6048073515,1625.1933404189,3,13.1333333333333,7,9.96666666666667,4,6.9,0.0421536721136337,0,0,2,1.36666666666667,3,0,0,23.6666666666667,7,2.06666666666667,4,4.26666666666667,4
1,67,0,30,0.856184998370574,0.0285394999456858,0.0674707086141169,0,0,1997.82343721597,2333.40159079881,0,30,0,0,0,0,0.0112713623054523,0,0,1,0.5,3,0,0,28.7,3,1.3,2,0,0
2,67,30,60,1.36374123138245,0.0454580410460815,0.0849048049206395,0,0,2018.60033648347,1480.1930821122,0,29.7,0,0,0,0,0.00899104059154029,0,0,1,0.666666666666667,3,0,0,29.6,2,0.4,1,0,0
3,67,60,90,1.5832864374992,0.0527762145833067,0.147119776347965,0,0,2761.25546468236,1744.00247439987,0,29.7333333333333,0,0,0,0,0.00572137881439132,3,1.93333333333333,0,0,3,0,0,27.8666666666667,4,2.13333333333333,3,0,0
4,67,90,120,1.29173666874145,0.0430578889580482,0.209246174076547,11.7,1,2488.97852078132,1926.84668710873,0,27.5666666666667,0,0,0,0,0.00294566795699677,6,5.06666666666667,0,0,3,12.1666666666667,1,15.7666666666667,4,2.06666666666667,2,0,0
5,67,120,150,0,0,0.003547600696744,30,0,0,NA,0,30,0,0,0,0,0.00106441333487119,0,0,0,0,3,30,1,0,0,0,0,0,0
6,67,150,180,0,0,0.00387021721138351,30,0,0,NA,0,30,0,0,0,0,0.00104384845042089,0,0,0,0,3,30,1,0,0,0,0,0,0
7,67,180,210,0,0,0.00216585168136084,30,0,0,NA,0,30,0,0,0,0,0.00102184600855573,0,0,0,0,3,30,1,0,0,0,0,0,0
8,67,210,240,0,0,0.00180915763931907,30,0,0,NA,0,30,0,0,0,0,0.00105605135784611,0,0,0,0,3,30,1,0,0,0,0,0,0
9,67,240,270,0,0,0.00223968544058696,30,0,0,NA,0,30,0,0,0,0,0.00108133630457776,0,0,0,0,3,30,1,0,0,0,0,0,0
10,67,270,300,0,0,0.00277148882833416,30,0,0,NA,0,30,0,0,0,0,0.00123749200271185,0,0,0,0,3,30,1,0,0,0,0,0,0
1,68,0,30,0.379059831623507,0.0126353277207836,0.0611108697042763,0,0,1854.06381628766,4891.21679906502,3,21.5666666666667,4,8.43333333333333,0,0,0.0283110061333193,0,0,2,1.03333333333333,3,0,0,24.0333333333333,7,4.53333333333333,5,1.43333333333333,2
2,68,30,60,0.350781812552829,0.0116927270850943,0.059623004639302,0,0,970.431968608568,2766.48313533193,4,6.06666666666667,7,21.6333333333333,4,2.3,0.0477002603876023,0,0,0,0,3,0.866666666666667,1,24.3333333333333,10,3,4,1.8,3
3,68,60,90,0.969693679721161,0.032323122657372,0.0972781635549556,0,0,3051.23609445993,3146.59789814998,2,26.0333333333333,2,2.5,0,0.333333333333333,0.0176135049783935,0,0,1,0.5,3,0.266666666666667,0,25.9333333333333,8,2.83333333333333,5,0.966666666666667,2
4,68,90,120,1.37311913433453,0.0457706378111509,0.0740303420148576,0,0,2171.07843785424,1581.12896657466,3,26.8333333333333,3,3.06666666666667,0,0,0.0175854775768972,0,0,3,2.26666666666667,3,0,0,24.1333333333333,7,3.56666666666667,3,2.3,4
5,68,120,150,1.39145522111925,0.046381840703975,0.07153444335546,0,0,2299.20669182823,1652.37562584214,6,22.3,7,7.1,1,0.6,0.025315969043754,1,0.5,4,2.26666666666667,3,0,0,23.9333333333333,8,3.7,4,2.36666666666667,3
6,68,150,180,1.20565770002118,0.040188590000706,0.0689566512253164,0,0,1929.90419747923,1600.70656658629,4,15.9,7,11.0666666666667,3,3.03333333333333,0.0343463716286107,0,0,3,1.66666666666667,3,0,0,26.6,7,1.23333333333333,2,2.16666666666667,4
7,68,180,210,1.36352336926412,0.0454507789754707,0.079474221560359,0,0,2505.81075857952,1837.74683666176,4,16.5,7,11.1333333333333,3,1.9,0.033735293151932,0,0,2,1.46666666666667,3,0,0,23,9,5.26666666666667,7,1.73333333333333,3
8,68,210,240,1.37798765844139,0.0459329219480462,0.0854295936289878,0,0,3076.34363666013,2232.48997755156,4,12.6333333333333,10,13.0333333333333,5,4.33333333333333,0.0375890387422439,1,1.16666666666667,3,2.4,3,0,0,19.4,9,6.03333333333333,6,4.56666666666667,5
9,68,240,270,1.49459586795534,0.0498198622651779,0.0893774864568443,0,0,2334.29345417344,1561.82249946057,4,17.6,7,10.9666666666667,3,1.43333333333333,0.0322742667889256,2,1.73333333333333,6,4.6,3,0,0,23.6333333333333,9,3.43333333333333,3,2.93333333333333,4
10,68,270,300,1.5353779958715,0.0511792665290502,0.0849629495311224,0,0,2239.05656917128,1458.30966393416,2,22.0333333333333,2,6.66666666666667,0,0,0.0204496038525166,1,0.5,3,2.06666666666667,3,0,0,23.6666666666667,8,4.06666666666667,4,2.26666666666667,3
1,69,0,30,1.9484510264611,0.0649483675487034,0.156208782863633,0,0,3052.40184359991,1566.57868334719,4,28.1666666666667,4,1.83333333333333,0,0,0.0197528484122038,7,5.63333333333333,5,2.66666666666667,3,0,0,26.7333333333333,4,3.26666666666667,3,0,0
2,69,30,60,1.85184558132594,0.0617281860441979,0.217514698602444,4.66666666666667,2,3406.85871452038,1839.70993525337,2,22.9,3,4.56666666666667,1,1.13333333333333,0.0160189032814198,13,12.3,6,4.56666666666667,3,8.56666666666667,1,15.2333333333333,7,6.2,6,0,0
3,69,60,90,0.50039371432308,0.016679790477436,0.150338751533814,5.66666666666667,1,958.826121692262,1916.14341716769,0,29.6666666666667,0,0,0,0,0.00716247330183572,1,1.1,1,0.5,3,14.6333333333333,4,12.5666666666667,7,2.8,3,0,0
4,69,90,120,1.34336001752012,0.0447786672506708,0.197575781305659,2.1,1,2798.92858624562,2083.52827964354,4,21.5666666666667,5,7.06666666666667,1,1.36666666666667,0.02614839300068,9,6.5,1,0.533333333333333,3,8.93333333333333,3,13.2666666666667,11,7.13333333333333,6,0.666666666666667,1
5,69,120,150,0.240862170856205,0.00802873902854017,0.0980852811566515,6.46666666666667,2,502.479884990615,2086.17186835286,5,20.5,5,9.5,0,0,0.0281181833530767,0,0,0,0,3,19.7333333333333,6,8.56666666666667,7,1.26666666666667,2,0.433333333333333,1
6,69,150,180,0.57408306126199,0.0191361020420663,0.160483392028235,4.53333333333333,2,1408.09309975988,2452.76893671887,3,16.9333333333333,4,10.6333333333333,1,1.5,0.0293819004017408,4,2.03333333333333,0,0,3,14.5,3,14.2,6,1.3,2,0,0
7,69,180,210,0.67490367652685,0.0224967892175617,0.194345499889945,0,0,1540.43691847069,2282.4544776493,2,18.8333333333333,5,7.8,2,3.03333333333333,0.0293994674621429,3,3.76666666666667,1,0.6,3,17.0333333333333,5,8.76666666666667,8,3.03333333333333,2,1.16666666666667,2
8,69,210,240,1.42940841713603,0.0476469472378675,0.18119966649256,0,0,4316.14423463249,3019.53184470563,4,15.2333333333333,6,6.46666666666667,3,8.3,0.0405653453186341,5,4.3,5,3.93333333333333,3,4.03333333333333,3,14.1666666666667,9,9.73333333333333,6,2.06666666666667,3
9,69,240,270,2.29864613301183,0.0766215377670611,0.168854977452715,0,0,5397.93715746831,2348.31150386579,6,7.3,17,10,11,12.4666666666667,0.0565536885850312,13,12.4666666666667,6,4.76666666666667,3,0,0,11.2666666666667,7,14.8,7,3.93333333333333,3
10,69,270,300,1.4383498364355,0.0479449945478502,0.156331550662414,0,0,2991.06680692934,2079.51273825133,3,21.5666666666667,8,3.36666666666667,5,4.93333333333333,0.0288502843041926,6,5.3,4,2.83333333333333,3,4.33333333333333,2,17.2666666666667,7,8.13333333333333,5,0.266666666666667,0
1,70,0,30,2.19254280223715,0.0730847600745716,0.208902470205614,0,0,4388.97994955765,2001.77617744994,2,25.2666666666667,2,4.73333333333333,0,0,0.0244504859006494,17,11.6,2,1.06666666666667,3,0,0,18.9333333333333,10,11.0666666666667,10,0,0
2,70,30,60,2.5648022899032,0.0854934096634399,0.182810972762541,0,0,3609.61061118639,1407.36407846962,5,25.3,6,4.23333333333333,1,0.466666666666667,0.026264705173298,19,16.2666666666667,1,0.7,3,0,0,22.9333333333333,9,6.7,8,0.366666666666667,0
3,70,60,90,2.11935423024239,0.0706451410080798,0.167375135126256,0,0,2892.22900834502,1364.67465753199,1,28.8333333333333,1,1.16666666666667,0,0,0.020722265951974,13,10.2,0,0,3,0,0,23.7666666666667,11,5.7,7,0.533333333333333,1
4,70,90,120,2.40036057342134,0.0800120191140448,0.202170535746689,0,0,5091.97657626496,2121.33819920527,9,20.5,12,7.53333333333333,3,1.96666666666667,0.0304425524447894,11,8.16666666666667,8,6.4,3,0,0,15.1333333333333,12,14.0333333333333,9,0.833333333333333,2
5,70,120,150,2.13197414279003,0.0710658047596676,0.310948651110033,0,0,6922.93542499977,3247.19483508369,2,27.1666666666667,3,1.16666666666667,1,1.33333333333333,0.0166541861557223,12,9.93333333333333,9,6.76666666666667,3,0,0,10.8,7,18.6,10,0.6,1
6,70,150,180,2.30376892025589,0.0767922973418631,0.222973243294303,0,0,8634.51469702575,3747.99513141564,10,19.8666666666667,16,6.73333333333333,6,3.4,0.0306556738979814,16,12.5666666666667,10,6.46666666666667,3,0,0,10.2,7,19.8,6,0,0
7,70,180,210,2.24557411754845,0.0748524705849482,0.145953922708913,0,0,5549.27311571985,2471.20461193155,5,18.9,12,4.2,6,6.53333333333333,0.0314708267340027,10,8.96666666666667,5,3.33333333333333,3,0,0,11.4333333333333,6,14.9666666666667,8,3.6,6
8,70,210,240,2.52741937469568,0.084247312489856,0.163467649737785,0,0,7173.42630124383,2838.24139874197,8,5.1,20,12.1666666666667,12,12.7333333333333,0.0596387694801961,12,9.83333333333333,7,7.16666666666667,3,0,0,5.76666666666667,7,22.5666666666667,13,1.66666666666667,3
9,70,240,270,2.30341874924068,0.0767806249746893,0.132889372738936,0,0,6017.99020799567,2612.63402930079,5,13.5666666666667,13,5.36666666666667,9,9.1,0.0395149634675653,10,8,9,6.53333333333333,3,0,0,8.56666666666667,8,18.8,10,2.63333333333333,3
10,70,270,300,2.28088671629006,0.0760295572096688,0.140835824786498,0,0,7466.39020806728,3273.45946413841,2,3.03333333333333,17,9.6,14,17,0.0657381243091478,8,5.26666666666667,12,14.2,3,0,0,6.7,4,23,5,0.3,0
1,71,0,30,0.0568520702786449,0.00189506900928816,0.0527141357133725,24.9333333333333,1,95.0193781933359,1671.34420483941,0,26.7333333333333,1,0.633333333333333,0,0,0.00237401827628156,0,0,0,0,3,27.1666666666667,1,2.43333333333333,2,0,0,0.4,1
2,71,30,60,1.01190496455873,0.033730165485291,0.0646573068488782,0,0,738.267862872734,729.582212490356,0,0,0,0.433333333333333,1,23.9,0.0973555275141844,0,0,0,0,3,0.733333333333333,2,26.4,9,0,0,2.86666666666667,5
3,71,60,90,1.01997434444817,0.033999144814939,0.0632034525426164,0,0,504.37356009547,494.496320266122,0,0,0,0,0,24.7666666666667,0.0980575764605555,0,0,0,0,3,0,0,29.7666666666667,2,0,0,0.233333333333333,0
4,71,90,120,0.915162440075703,0.0305054146691901,0.0577550141339466,0,0,583.803133837811,637.922961293645,0,0,0,0,0,25.3666666666667,0.0982102933866139,0,0,0,0,3,0,0,27.9,5,0,0,2.1,3
5,71,120,150,0.781849968328981,0.026061665610966,0.0565822377782825,0,0,385.426407918343,492.967223292341,0,0,0,0,0,27.1,0.0979381437901088,0,0,0,0,3,0.6,1,28.3333333333333,4,0,0,1.06666666666667,2
6,71,150,180,1.26197661835744,0.0420658872785813,0.086579572808371,0,0,1121.69222526835,888.837565570998,1,8,2,1.76666666666667,1,17.4666666666667,0.0711957211976781,1,0.633333333333333,0,0,3,0,0,28.2,6,0.4,1,1.4,2
7,71,180,210,1.00033773411679,0.0333445911372263,0.053401861868653,0,0,588.571522378876,588.372808807951,0,0,0,0,0,24.7666666666667,0.0982578196807454,0,0,0,0,3,0,0,27.9666666666667,5,0,0,2.03333333333333,4
8,71,210,240,1.04785865129514,0.034928621709838,0.0780360055925318,0,0,607.702210476224,579.946741600225,1,6.93333333333333,1,0.766666666666667,0,15.4666666666667,0.0745698733038014,1,0.566666666666667,0,0,3,0.3,0,28.3333333333333,6,0.133333333333333,0,1.23333333333333,2
9,71,240,270,1.52413185094457,0.0508043950314857,0.113272326775828,0,0,1594.38772694931,1046.09566814131,1,6.43333333333333,4,1.83333333333333,3,19,0.0749415417587548,5,3.26666666666667,1,0.666666666666667,3,0,0,24.6,10,1.56666666666667,3,3.83333333333333,6
10,71,270,300,1.23189249756341,0.0410630832521136,0.0832569373364115,0,0,1112.46929843631,903.057126037124,1,5.56666666666667,3,1.96666666666667,2,18.4,0.0775664977693996,2,1.33333333333333,0,0,3,0,0,23.7,6,0.733333333333333,1,5.56666666666667,7
1,72,0,30,1.46218715372728,0.0487395717909094,0.151365844393316,0,0,2445.7304357631,1672.65211537979,4,10.5333333333333,6,6.36666666666667,2,13.1,0.0537614165306888,2,1.4,1,0.866666666666667,3,0,0,22.2666666666667,12,4.46666666666667,4,3.26666666666667,5
2,72,30,60,1.37557260575618,0.0458524201918727,0.083919210235854,0,0,1888.54491372853,1372.91547231006,3,20.2333333333333,6,5.1,3,4.66666666666667,0.0328514101460265,0,0,1,0.5,3,0,0,25.4666666666667,9,3.4,6,1.13333333333333,2
3,72,60,90,1.43600544547054,0.0478668481823514,0.0802304050629353,0,0,1638.78992726765,1141.21428469281,3,5.26666666666667,8,10.4333333333333,5,14.3,0.0639731725004064,1,0.5,0,0,3,0,0,25.2333333333333,9,0.833333333333333,2,3.93333333333333,5
4,72,90,120,1.24013159600709,0.0413377198669029,0.0847786410828682,0,0,1251.67304967438,1009.30663625091,4,11.8333333333333,9,8.13333333333333,5,10.0333333333333,0.0500860541167932,2,1.16666666666667,1,0.533333333333333,3,0,0,24.4,7,2.2,1,3.4,5
5,72,120,150,1.21348698275976,0.0404495660919919,0.116472456282207,0,0,1663.28649840458,1370.66694742936,1,26.7333333333333,2,1.96666666666667,1,1.3,0.018971858213165,1,0.666666666666667,1,0.5,3,0,0,28.9333333333333,4,0.333333333333333,1,0.733333333333333,2
6,72,150,180,1.20546588675258,0.0401821962250859,0.123714961538867,0,0,1568.9642023144,1301.54176866926,1,21.7666666666667,2,1.53333333333333,1,6.03333333333333,0.0272355024168545,2,1.26666666666667,0,0,3,0,0,28.5333333333333,3,0.933333333333333,1,0.533333333333333,0
7,72,180,210,1.1030398679897,0.0367679955996566,0.10539288377515,0,0,1251.38849092436,1134.49071718961,1,28.8666666666667,1,0.6,0,0,0.0144823355065571,2,1.3,1,0.5,3,0.266666666666667,0,27.9333333333333,5,0.933333333333333,1,0.866666666666667,2
8,72,210,240,1.08735963863072,0.0362453212876907,0.0682900960487444,0,0,1631.27203792476,1500.21389425394,0,29.8333333333333,0,0,0,0,0.0093444345481573,1,0.6,1,0.5,3,0,0,30,1,0,0,0,0
9,72,240,270,1.34234002678219,0.0447446675594063,0.115513647634059,0,0,1774.98836034199,1322.30904608941,0,28.3666666666667,0,0,0,0,0.00567592297189915,5,3.43333333333333,1,0.5,3,0,0,29.5666666666667,2,0.433333333333333,1,0,0
10,72,270,300,1.46741698290291,0.0489138994300969,0.108899668728049,0,0,1744.26716863959,1188.66497318915,3,22.6,3,7.4,0,0,0.0267076907658398,4,2.3,2,1.06666666666667,3,0,0,27.8,4,1.76666666666667,2,0.433333333333333,1
1,73,0,30,2.2126456873649,0.0737548562454966,0.121897605182666,0,0,2404.22003798499,1086.58157594506,0,30,0,0,0,0,0.00854306104922952,12,13.3333333333333,0,0,3,0,0,29.3,3,0.7,1,0,0
2,73,30,60,2.6009408807196,0.0866980293573199,0.156052648603789,0,0,3539.16627450421,1360.72538239509,0,30,0,0,0,0,0.00692232595725765,13,12.1,0,0,3,0,0,26.8,5,3.2,5,0,0
3,73,60,90,2.54874865001477,0.0849582883338258,0.213009461048056,0,0,4680.24266398925,1836.29039448913,0,30,0,0,0,0,0.00889417279605978,19,16.3666666666667,0,0,3,0,0,18.7333333333333,8,11.2666666666667,9,0,0
4,73,90,120,2.98511446275245,0.0995038154250816,0.192579120783039,0,0,4486.50500125093,1502.95911839646,0,30,0,0,0,0,0.00735930485316686,21,19.2333333333333,3,1.5,3,0,0,22.2333333333333,10,7.76666666666667,8,0,0
5,73,120,150,2.19192359375437,0.0730641197918124,0.190084204543109,0,0,3550.95826261617,1620.01917983556,0,29.3666666666667,0,0,0,0,0.00420032892161842,12,11.6333333333333,3,1.53333333333333,3,2.2,1,22.0666666666667,7,5.73333333333333,7,0,0
6,73,150,180,0,0,0.00903867545360063,27.9333333333333,0,0,NA,0,30,0,0,0,0,0.00403258996158814,0,0,0,0,3,29.4333333333333,2,0.566666666666667,1,0,0,0,0
7,73,180,210,0.482494048227182,0.0160831349409061,0.117801762824785,13.2333333333333,0,624.434046771254,1294.17979157587,0,29.8666666666667,0,0,0,0,0.0042429634534028,2,1.4,0,0,3,17.1333333333333,3,12.1666666666667,4,0.7,1,0,0
8,73,210,240,1.10098859835929,0.0366996199453098,0.116494510398704,0,0,1213.67423515526,1102.34950385852,0,29.2333333333333,0,0,0,0,0.00260479351429314,0,0,0,0,3,1,2,27.8,5,1.2,2,0,0
9,73,240,270,1.26810631667717,0.0422702105559056,0.147838668975166,0,0,1320.21890492772,1041.0948100843,0,29.0333333333333,0,0,0,0,0.0035309785393864,2,1.36666666666667,0,0,3,0,0,29.4333333333333,2,0.566666666666667,1,0,0
10,73,270,300,1.50276802271404,0.0500922674238012,0.116051145273421,0,0,1660.29128447802,1104.82207458706,0,29.5,0,0,0,0,0.0041165736060274,3,2.4,0,0,3,0,0,28.2666666666667,3,1.73333333333333,3,0,0
1,74,0,30,0.201719106237054,0.00672397020790179,0.109650425646362,25.3,1,116.489668322668,577.484555110874,0,29.3,0,0,0,0,0.001851978479575,2,1.53333333333333,0,0,3,26.8666666666667,2,3.13333333333333,1,0,0,0,0
2,74,30,60,0,0,0.00313867377262057,30,0,0,NA,0,30,0,0,0,0,0.00279858813700919,0,0,0,0,3,30,1,0,0,0,0,0,0
3,74,60,90,0.601479210244746,0.0200493070081582,0.167432538578081,9,0,1640.9871975401,2728.2525639953,0,28.7333333333333,0,0,0,0,0.00494520668125392,4,2.56666666666667,2,2.33333333333333,3,11.9,3,10.4666666666667,9,7.3,5,0.333333333333333,1
4,74,90,120,2.31000484259975,0.0770001614199916,0.198282290074515,0,0,6184.07364697172,2677.08254672401,0,29.5,0,0,0,0,0.00595720833239002,15,11.2,7,5.6,3,0,0,18.4666666666667,11,11.5333333333333,10,0,0
5,74,120,150,1.6368756664669,0.0545625222155632,0.134264346392654,0,0,3063.82312009691,1871.75066675039,0,30,0,0,0,0,0.00650701817804908,4,3.93333333333333,1,0.5,3,0,0,28.2333333333333,3,1.76666666666667,2,0,0
6,74,150,180,1.53435657728532,0.0511452192428442,0.132346488191217,0,0,2396.56616212222,1561.93560062966,1,29.8333333333333,1,0.166666666666667,0,0,0.0153322149860889,5,3.6,0,0,3,0,0,29.3666666666667,2,0.633333333333333,1,0,0
7,74,180,210,1.21909607802658,0.0406365359342194,0.198820159556424,0,0,2134.37725002827,1750.78674150384,3,23.6,4,5.26666666666667,1,1.13333333333333,0.024658855134905,5,3.6,2,1.26666666666667,3,0.5,1,27.7,4,1.8,2,0,0
8,74,210,240,1.29368005781084,0.0431226685936945,0.140089202772932,0,0,1917.70490855506,1482.3641262587,2,28.2,2,1.26666666666667,0,0,0.0156167236984623,1,0.766666666666667,2,1.16666666666667,3,0,0,26.1666666666667,5,2.73333333333333,3,1.1,2
9,74,240,270,1.51186933501445,0.0503956445004815,0.211120087143324,0,0,2580.22802476075,1706.6475025344,4,26.2333333333333,4,3.76666666666667,0,0,0.0197446924260266,6,4.43333333333333,2,1.6,3,0,0,23.3333333333333,8,4.06666666666667,5,2.6,4
10,74,270,300,2.47859966409583,0.0826199888031943,0.204671001328251,0,0,6956.04721377248,2806.44240961357,9,19.3,13,8.03333333333333,3,2.66666666666667,0.0322828937209917,17,13.9333333333333,6,9.66666666666667,3,0,0,12.4,5,16.6,6,1,1
1,75,0,30,1.81243347843315,0.0604144492811051,0.111217971505668,0,0,2557.32012267827,1410.98702551504,2,26.5666666666667,2,3.43333333333333,0,0,0.0189109249412645,10,7.76666666666667,1,0.6,3,0,0,30,1,0,0,0,0
2,75,30,60,2.12391302486752,0.0707971008289172,0.126804325030854,0,0,3908.27640847985,1840.13015727122,5,6.63333333333333,7,22.9333333333333,2,0.433333333333333,0.0419770244101872,7,6.73333333333333,2,1.33333333333333,3,0,0,27.8,4,1.66666666666667,3,0.533333333333333,1
3,75,60,90,2.231988282687,0.0743996094229,0.168115832728349,0,0,4160.47023908188,1864.01974927631,2,24.1,3,3.53333333333333,1,2.36666666666667,0.0235317780796647,6,4.33333333333333,5,3.4,3,0,0,24.0666666666667,9,5.1,8,0.833333333333333,1
4,75,90,120,2.50845639328397,0.0836152131094657,0.190484027363026,0,0,6072.02016978048,2420.62018141413,3,22.6666666666667,7,5.93333333333333,3,1.4,0.0233791784513724,10,9.86666666666667,6,5.4,3,0,0,17.7666666666667,10,11.9333333333333,10,0.3,0
5,75,120,150,2.75676068969684,0.0918920229898946,0.208788892707483,0,0,6499.37573122386,2357.61332331629,6,20.9666666666667,11,6.66666666666667,6,2.3,0.024734876208389,13,18.2333333333333,6,8.1,3,0,0,17.3666666666667,9,12.0666666666667,9,0.566666666666667,1
6,75,150,180,2.59755437509438,0.0865851458364793,0.144336909002499,0,0,7020.69297997237,2702.80886024466,10,19.8333333333333,14,7.63333333333333,3,2.53333333333333,0.0298521118789966,18,13.6666666666667,10,7.4,3,0,0,12.4,8,17.6,8,0,0
7,75,180,210,2.52321548780253,0.084107182926751,0.129484065799495,0,0,8119.79615877903,3218.03516109936,13,16.7666666666667,14,12.3,2,0.933333333333333,0.0324871590362396,11,8.1,12,10.5,3,0,0,8.86666666666667,10,20.8666666666667,10,0.266666666666667,0
8,75,210,240,2.54836696918983,0.084945565639661,0.141501652081049,0,0,7198.63667132076,2824.80378938883,4,6.16666666666667,17,7.53333333333333,13,15.7333333333333,0.0578874802309449,7,5.53333333333333,8,8.43333333333333,3,0,0,8.06666666666667,9,21.1,9,0.833333333333333,1
9,75,240,270,2.44596223287312,0.0815320744291039,0.140195520120101,0,0,7909.71010972669,3233.78260032889,3,8.1,15,4.76666666666667,11,14.9666666666667,0.0495777844725237,15,12.2,11,11.2,3,0,0,8.73333333333333,7,21.1,8,0.166666666666667,0
10,75,270,300,2.69058468154118,0.0896861560513728,0.143052867197855,0,0,7509.56894529374,2791.05467180175,5,3.6,20,8.63333333333333,16,17.5666666666667,0.062774263247854,21,17.0666666666667,12,9,3,0,0,10.1,10,18.9333333333333,13,0.966666666666667,1
1,76,0,30,1.71229691842101,0.0570765639473669,0.101745678418131,0,0,2301.66465285444,1344.1971588531,8,16.1,8,13.9,0,0,0.0313171428893941,7,4.7,4,2.9,3,0,0,27.5666666666667,6,2.06666666666667,3,0.366666666666667,1
2,76,30,60,1.32016414554163,0.0440054715180545,0.0821807104654571,0,0,1897.13394615312,1437.04398620429,5,18.7,5,11.3,0,0,0.0290630559544257,1,0.533333333333333,1,0.566666666666667,3,0,0,27.4,7,1.63333333333333,2,0.966666666666667,1
3,76,60,90,1.2081131069126,0.0402704368970866,0.0687173304932151,0,0,1661.03131358314,1374.89718808531,2,26.7333333333333,2,3.26666666666667,0,0,0.0174788739036617,0,0,1,0.6,3,0,0,26.5,7,2.5,4,1,2
4,76,90,120,1.17033513609494,0.0390111712031646,0.102346785341741,0,0,2079.19250250094,1776.57872379923,3,21.5666666666667,4,5.1,1,1.13333333333333,0.0160535229959384,1,0.533333333333333,2,1.4,3,0,0,27.2666666666667,6,1.93333333333333,3,0.8,1
5,76,120,150,1.08591919535455,0.0361973065118183,0.079347324092925,0,0,1874.16080865107,1725.87501599432,2,21.6666666666667,3,7.53333333333333,0,0,0.0214502236163427,1,0.8,4,2.9,3,0,0,24.2666666666667,7,3.93333333333333,4,1.8,2
6,76,150,180,0.886140900537932,0.0295380300179311,0.069561831338419,0,0,2125.32203626088,2398.40191889428,1,10.2666666666667,8,11.7666666666667,7,7.96666666666667,0.0475534209966699,0,0,3,1.6,3,0,0,13.1666666666667,8,12.8,8,4.03333333333333,6
7,76,180,210,1.35009650376579,0.0450032167921931,0.0773152067680939,0,0,2101.12262808439,1556.27588266749,4,12.7666666666667,9,11.3666666666667,5,5.86666666666667,0.0419824846069795,1,0.833333333333333,2,1.03333333333333,3,0,0,21.6,11,3.3,6,5.1,7
8,76,210,240,1.2553678960091,0.0418455965336367,0.0705345648707606,0,0,1246.2195555066,992.712621908216,7,17.6666666666667,8,11.5,2,0.833333333333333,0.0306429832449573,0,0,1,0.5,3,0,0,24.8333333333333,7,2.06666666666667,3,3.1,3
9,76,240,270,1.49789988368233,0.0499299961227445,0.105378072469953,0,0,1444.99206904962,964.678670978565,6,9.93333333333333,11,13.3666666666667,5,6.7,0.0468589629591557,2,1.46666666666667,1,0.5,3,0,0,22.5666666666667,10,2,3,5.43333333333333,8
10,76,270,300,1.38270776722922,0.0460902589076405,0.0779308251045248,0,0,1933.93484693768,1398.65768658627,3,14.2666666666667,8,9.83333333333333,4,5.9,0.0397739706397953,2,1.13333333333333,0,0,3,0,0,21.8333333333333,10,2.1,3,6.06666666666667,8
1,77,0,30,0,0,0.00294590212934462,30,0,0,NA,0,28.8333333333333,0,0,0,0,0.00115446042321381,0,0,0,0,3,30,1,0,0,0,0,0,0
2,77,30,60,0,0,0.00234368346435404,30,0,0,NA,0,30,0,0,0,0,0.00183542528909351,0,0,0,0,3,30,1,0,0,0,0,0,0
3,77,60,90,0,0,0.00271828527177649,30,0,0,NA,0,30,0,0,0,0,0.00207394471591577,0,0,0,0,3,30,1,0,0,0,0,0,0
4,77,90,120,0,0,0.00233983690100668,30,0,0,NA,0,30,0,0,0,0,0.00208007769540837,0,0,0,0,3,30,1,0,0,0,0,0,0
5,77,120,150,0,0,0.00252994621403817,30,0,0,NA,0,30,0,0,0,0,0.00203973866653125,0,0,0,0,3,30,1,0,0,0,0,0,0
6,77,150,180,1.29862809577746,0.0432876031925821,0.144642694677725,9.76666666666667,0,2416.305445884,1860.66007176397,0,29.7666666666667,0,0,0,0,0.00617661145062874,8,5.16666666666667,3,1.93333333333333,3,10.2333333333333,1,17.8666666666667,5,0.7,1,1.2,2
7,77,180,210,1.73944515166956,0.0579815050556519,0.0875565878744509,0,0,2262.60457439003,1300.76224146437,0,30,0,0,0,0,0.00702918221469711,6,3.26666666666667,3,1.93333333333333,3,0,0,28.7,2,0.433333333333333,1,0.866666666666667,1
8,77,210,240,1.42781447177077,0.0475938157256924,0.0966978864914794,0,0,1945.5563442824,1362.61144759902,0,29.3333333333333,0,0,0,0,0.00888281116393177,0,0,1,0.5,3,0,0,30,1,0,0,0,0
9,77,240,270,1.4501634585702,0.0483387819523401,0.105985835368502,0,0,1657.45855905775,1142.94602395507,2,23.5333333333333,3,4.56666666666667,1,1,0.0193310359255632,1,0.533333333333333,2,1.03333333333333,3,0,0,29.5333333333333,2,0.466666666666667,1,0,0
10,77,270,300,1.72710944259978,0.057570314753326,0.129571144290751,0,0,2411.26604337091,1396.12811087483,2,13.7666666666667,6,8.63333333333333,4,7.56666666666667,0.0399686627966579,3,1.86666666666667,2,1.06666666666667,3,0,0,27.6,5,0.933333333333333,1,1.46666666666667,3
1,78,0,30,2.54560504180233,0.084853501393411,0.183453759293929,0,0,3987.33752504474,1566.36141882467,0,30,0,0,0,0,0.0121591191876124,18,16.7333333333333,1,0.9,3,0,0,20.9666666666667,11,7.63333333333333,8,1.4,3
2,78,30,60,1.93783476372932,0.0645944921243108,0.163966507765311,0,0,3121.77909660781,1610.9624798969,0,30,0,0,0,0,0.0122338519795736,6,4.9,1,0.5,3,0,0,24.8666666666667,9,4.3,5,0.833333333333333,0
3,78,60,90,1.7914292650191,0.0597143088339699,0.105583532234579,0,0,2858.3026500804,1595.5431263148,7,27.4,7,2.6,0,0,0.0202200088233279,6,3.73333333333333,2,1.13333333333333,3,0,0,23.8666666666667,9,3.86666666666667,4,2.26666666666667,3
4,78,90,120,2.15894266456717,0.0719647554855723,0.182295069720446,0,0,4853.10313225665,2247.90737239408,9,15.6,14,12.2,5,2.2,0.0352154806976191,7,5.7,7,4.23333333333333,3,0,0,17.0666666666667,7,12.4333333333333,7,0.5,1
5,78,120,150,1.91186562995445,0.0637288543318149,0.159598055056584,0,0,3452.29057614235,1805.71820637029,7,20.9666666666667,10,7.1,3,1.93333333333333,0.0288156540419882,5,3.23333333333333,6,4.33333333333333,3,0,0,16.1666666666667,12,10.6,9,3.23333333333333,5
6,78,150,180,1.88495212814279,0.0628317376047595,0.146050089537271,0,0,5288.86049227639,2805.83279188497,3,24.5,6,2.2,3,2.7,0.0212634732119402,8,5.76666666666667,10,6.9,3,0,0,15.8666666666667,11,11.6,7,2.53333333333333,3
7,78,180,210,2.14017218943242,0.0713390729810806,0.168320112115296,0,0,6154.21708902343,2875.57100284326,2,26,4,1.46666666666667,2,1.2,0.0127509190479556,9,7.13333333333333,12,13.4,3,0,0,6.7,6,17.7666666666667,6,5.53333333333333,7
8,78,210,240,2.35395207757427,0.0784650692524758,0.171445489904484,0,0,7145.12373910536,3035.37349259393,3,17.0666666666667,11,4.93333333333333,8,7.06666666666667,0.0327522067740049,14,12.1333333333333,7,7.2,3,0,0,7,6,18.4333333333333,7,4.56666666666667,6
9,78,240,270,2.79753469126574,0.0932511563755246,0.200506610221809,0,0,11478.7373667094,4103.16175972635,9,9.6,27,7.73333333333333,18,12.6,0.0510367358068277,11,14.3666666666667,13,16.1666666666667,3,0,0,0,0,29.4666666666667,2,0.533333333333333,1
10,78,270,300,2.91515896031866,0.0971719653439553,0.219577996309565,0,0,11400.0693291081,3910.61670539638,13,11.9,31,7.63333333333333,18,10.4,0.0471682101441067,20,22.1666666666667,13,14.0333333333333,3,0,0,0,0,29.5666666666667,2,0.433333333333333,1
1,79,0,30,2.34664399224149,0.0782214664080496,0.124339759122631,0,0,3076.73168727091,1311.11992165972,0,29.9,0,0,0,0,0.00547810618401371,16,12.4666666666667,1,0.533333333333333,3,0,0,29.7666666666667,2,0.233333333333333,0,0,0
2,79,30,60,2.01390632535221,0.0671302108450738,0.102295268997638,0,0,3375.53373253337,1676.1125828149,0,29.7,0,0,0,0,0.00853197362493453,8,5.3,2,1,3,0,0,29.1333333333333,4,0.3,0,0.566666666666667,1
3,79,60,90,1.89966494789867,0.0633221649299558,0.101451627303117,0,0,2812.65639438503,1480.60656564531,0,29.8,0,0,0,0,0.00738829275209304,1,0.5,1,0.5,3,0,0,30,1,0,0,0,0
4,79,90,120,1.82130405874885,0.0607101352916284,0.100177478638353,0,0,3311.42546174519,1818.16179777251,0,30,0,0,0,0,0.0127757752980525,2,1.06666666666667,3,1.6,3,0,0,27.2333333333333,5,2.76666666666667,4,0,0
5,79,120,150,1.65637488375821,0.0552124961252736,0.0969215611304147,0,0,3239.52341565825,1955.79119643977,1,28.5333333333333,1,1.46666666666667,0,0,0.014768926088083,0,0,5,2.6,3,0,0,29.6666666666667,2,0.333333333333333,1,0,0
6,79,150,180,1.79114329555607,0.0597047765185356,0.0891332725470292,0,0,2764.50002916929,1543.42761744869,0,30,0,0,0,0,0.0148798568697541,1,0.766666666666667,7,3.56666666666667,3,0,0,27.9333333333333,6,0.733333333333333,1,1.33333333333333,3
7,79,180,210,1.77917983120456,0.0593059943734852,0.0934332463718414,0,0,2829.90582691564,1590.56761845131,0,30,0,0,0,0,0.012732882526624,2,1.7,2,1.03333333333333,3,0,0,28.3333333333333,6,0,0,1.66666666666667,2
8,79,210,240,1.68918449504781,0.056306149834927,0.0893386016641231,0,0,2929.45498092994,1734.24216805105,0,30,0,0,0,0,0.0147110801936431,1,0.5,0,0,3,0,0,28.8666666666667,4,0.833333333333333,1,0.3,0
9,79,240,270,1.58892116315395,0.0529640387717984,0.08475941639814,0,0,3026.72205569698,1904.89127206855,0,29.0333333333333,0,0,0,0,0.00885375412407973,0,0,2,1.56666666666667,3,0,0,29.2666666666667,3,0.466666666666667,1,0.266666666666667,0
10,79,270,300,1.72009185481433,0.0573363951604776,0.0982486845984037,0,0,3246.61246135241,1887.46458642051,1,27.7666666666667,1,0.8,0,0,0.0120741038449446,1,0.633333333333333,4,2.43333333333333,3,0,0,25.0666666666667,7,3.3,5,1.63333333333333,4
1,80,0,30,2.6297563463049,0.0876585448768299,0.218092130010517,0,0,7402.23867893745,2814.80019597193,0,30,0,0,0,0,0.00465166455503893,20,15.4666666666667,8,5.83333333333333,3,0,0,6.83333333333333,7,22.3333333333333,9,0.833333333333333,1
2,80,30,60,1.10502607713933,0.036834202571311,0.183714756936434,9.23333333333333,1,2040.11934462522,1846.21828102613,0,30,0,0,0,0,0.00429311907686188,6,5.6,2,1.4,3,9.76666666666667,1,14.1666666666667,7,5.46666666666667,6,0.6,1
3,80,60,90,0.00628710345680702,0.000209570115226901,0.0732172603873129,28.9,0,1.24203795846439,197.553287773504,0,30,0,0,0,0,0.00414130340448697,0,0,0,0,3,28.8,1,1.16666666666667,1,0,0,0.0333333333333333,0
4,80,90,120,0.367849412540405,0.0122616470846802,0.195435235011385,23.9,1,1331.46468052815,3619.59170012783,0,29.9333333333333,0,0,0,0,0.00384216366072347,1,1.23333333333333,2,1.8,3,24,1,0.733333333333333,1,3.83333333333333,3,1.43333333333333,3
5,80,120,150,0,0,0.00260730273070901,30,0,0,NA,0,30,0,0,0,0,0.00374223430636732,0,0,0,0,3,30,1,0,0,0,0,0,0
6,80,150,180,0.550402569365934,0.0183467523121978,0.208694138648412,19.9666666666667,1,2617.59117771927,4755.7757238211,0,29.1,0,0,0,0,0.00369570490417226,5,3.96666666666667,3,2.2,3,20.5333333333333,2,2.1,2,6.4,3,0.966666666666667,2
7,80,180,210,0.165162270982769,0.00550540903275898,0.218553179902262,26.5666666666667,0,818.736468957193,4957.16403077679,0,30,0,0,0,0,0.00419599110436818,2,1.36666666666667,1,0.633333333333333,3,27.4666666666667,1,0,0,2.13333333333333,1,0.4,1
8,80,210,240,0.389680357567214,0.0129893452522405,0.143999465374316,22.3666666666667,1,1115.69928037015,2863.11398227895,0,30,0,0,0,0,0.00517102376735499,1,0.533333333333333,3,2.2,3,24.0666666666667,1,1.5,3,2.33333333333333,3,2.1,3
9,80,240,270,0.700680344804958,0.0233560114934986,0.177619510680457,15.4333333333333,1,2889.02532387126,4123.17163638357,0,29.6666666666667,0,0,0,0,0.00500103179736951,4,2.3,2,1.96666666666667,3,16.5,2,3.36666666666667,5,7.36666666666667,5,2.76666666666667,5
10,80,270,300,0.961981396580956,0.0320660465526985,0.207258893222434,4.83333333333333,0,2713.53623774738,2820.77828884399,0,28.3,0,0,0,0,0.00502559474645791,6,3.56666666666667,4,3.36666666666667,3,7.06666666666667,2,8.23333333333333,9,11.8,8,2.9,3
